CUSTOMER_ID,CHURN_Ground_truth_Label,CHURN_PREDS,CHURN_PROBABILITY,CLIENT_TO_CONTACT,DISCOUNT
C106601,STAY,STAY,0.97443646,NO,0%
C100760,STAY,STAY,0.7992241,NO,0%
C109872,STAY,STAY,0.9184933,NO,0%
C110408,STAY,STAY,0.9707437,NO,0%
C113945,LEAVE,STAY,0.80769074,NO,0%
C104037,LEAVE,LEAVE,0.20201461,YES,5%
C108959,LEAVE,STAY,0.88225996,NO,0%
C106372,STAY,STAY,0.98864996,NO,0%
C108139,STAY,STAY,0.8956901,NO,0%
C106719,STAY,LEAVE,0.36594552,YES,10%
C101263,STAY,STAY,0.9817842,NO,0%
C105089,LEAVE,LEAVE,0.30287048,YES,10%
C104274,LEAVE,STAY,0.9855552,NO,0%
C106199,STAY,LEAVE,0.3351204,YES,10%
C107211,LEAVE,STAY,0.9805542,NO,0%
C101952,STAY,STAY,0.9836469,NO,0%
C101737,STAY,STAY,0.9996487,NO,0%
C102116,STAY,STAY,0.98725337,NO,0%
C105934,STAY,STAY,0.95244,NO,0%
C100823,LEAVE,STAY,0.9404514,NO,0%
C104303,STAY,STAY,0.9379323,NO,0%
C103653,LEAVE,STAY,0.7755716,NO,0%
C102897,STAY,STAY,0.95503587,NO,0%
C100912,STAY,LEAVE,0.49553612,YES,10%
C110717,STAY,STAY,0.89373964,NO,0%
C110506,STAY,STAY,0.8654346,NO,0%
C107283,STAY,STAY,0.736165,NO,0%
C115683,LEAVE,LEAVE,0.086613126,YES,5%
C110546,STAY,STAY,0.80146253,NO,0%
C112799,STAY,STAY,0.9324973,NO,0%
C103103,LEAVE,STAY,0.796486,NO,0%
C104253,STAY,STAY,0.6792086,NO,0%
C113835,STAY,STAY,0.5440947,NO,0%
C105219,STAY,STAY,0.9718679,NO,0%
C103556,STAY,STAY,0.95559865,NO,0%
C113502,LEAVE,LEAVE,0.14287126,YES,5%
C105863,LEAVE,LEAVE,0.12826158,YES,5%
C110333,STAY,STAY,0.9499951,NO,0%
C102205,LEAVE,LEAVE,0.46432567,YES,10%
C105256,STAY,STAY,0.5625129,NO,0%
C106996,STAY,STAY,0.83855087,NO,0%
C106936,STAY,LEAVE,0.32749695,YES,10%
C113219,STAY,STAY,0.9987196,NO,0%
C104317,STAY,STAY,0.9923671,NO,0%
C105822,LEAVE,STAY,0.73680335,NO,0%
C102804,STAY,STAY,0.95987284,NO,0%
C105426,LEAVE,LEAVE,0.021251077,YES,5%
C106131,LEAVE,LEAVE,0.4491917,YES,10%
C113916,STAY,LEAVE,0.4868364,YES,10%
C109793,STAY,STAY,0.886074,NO,0%
C112830,STAY,STAY,0.8880835,NO,0%
C102932,STAY,STAY,0.58567065,NO,0%
C107967,STAY,STAY,0.9200284,NO,0%
C105554,STAY,STAY,0.7907029,NO,0%
C104830,LEAVE,STAY,0.5105181,NO,0%
C114153,LEAVE,LEAVE,0.48663923,YES,10%
C104097,STAY,STAY,0.99636203,NO,0%
C115842,STAY,STAY,0.862876,NO,0%
C104977,STAY,STAY,0.9917207,NO,0%
C104076,STAY,STAY,0.98999256,NO,0%
C111034,LEAVE,LEAVE,0.1729544,YES,5%
C107027,STAY,STAY,0.66905737,NO,0%
C101969,STAY,LEAVE,0.05298939,YES,5%
C115295,LEAVE,STAY,0.6066567,NO,0%
C114844,LEAVE,STAY,0.65821075,NO,0%
C110342,LEAVE,LEAVE,0.0951522,YES,5%
C111173,LEAVE,LEAVE,0.1163586,YES,5%
C111486,LEAVE,LEAVE,0.40515572,YES,10%
C105220,LEAVE,STAY,0.88591063,NO,0%
C110995,STAY,STAY,0.7867193,NO,0%
C106369,STAY,STAY,0.97829914,NO,0%
C104151,STAY,LEAVE,0.23796996,YES,5%
C108741,LEAVE,LEAVE,0.14353798,YES,5%
C107697,STAY,STAY,0.87180364,NO,0%
C109489,LEAVE,STAY,0.9576463,NO,0%
C114745,LEAVE,LEAVE,0.20411974,YES,5%
C105784,STAY,STAY,0.9733974,NO,0%
C112474,LEAVE,LEAVE,0.13881218,YES,5%
C101568,LEAVE,LEAVE,0.0168467,YES,5%
C105862,STAY,STAY,0.9871021,NO,0%
C111213,LEAVE,LEAVE,0.4809951,YES,10%
C110715,STAY,STAY,0.92908645,NO,0%
C110966,LEAVE,LEAVE,0.40378052,YES,10%
C113290,STAY,STAY,0.6838447,NO,0%
C111422,STAY,STAY,0.8952301,NO,0%
C114284,STAY,STAY,0.8770554,NO,0%
C101429,LEAVE,LEAVE,0.44913876,YES,10%
C107057,LEAVE,LEAVE,0.17022583,YES,5%
C100148,STAY,STAY,0.7923136,NO,0%
C107096,STAY,STAY,0.96691877,NO,0%
C112064,STAY,STAY,0.9735622,NO,0%
C104903,STAY,STAY,0.96886605,NO,0%
C101238,STAY,STAY,0.83145213,NO,0%
C115869,STAY,STAY,0.99229115,NO,0%
C107371,LEAVE,LEAVE,0.25345048,YES,10%
C100650,STAY,STAY,0.5231389,NO,0%
C100877,LEAVE,LEAVE,0.15243699,YES,5%
C111961,STAY,STAY,0.8733634,NO,0%
C113240,STAY,STAY,0.99400204,NO,0%
C109877,STAY,STAY,0.9653284,NO,0%
C106978,LEAVE,STAY,0.9130127,NO,0%
C113078,LEAVE,LEAVE,0.42902815,YES,10%
C103656,LEAVE,LEAVE,0.046550304,YES,5%
C112464,LEAVE,LEAVE,0.31916407,YES,10%
C102228,LEAVE,STAY,0.6225141,NO,0%
C112263,LEAVE,STAY,0.76790595,NO,0%
C105635,STAY,STAY,0.98945355,NO,0%
C112658,LEAVE,LEAVE,0.1866563,YES,5%
C114020,STAY,STAY,0.8744492,NO,0%
C109567,STAY,STAY,0.9377653,NO,0%
C114209,STAY,STAY,0.83600074,NO,0%
C113708,LEAVE,LEAVE,0.40783358,YES,10%
C100026,STAY,STAY,0.71107954,NO,0%
C112743,STAY,STAY,0.9165702,NO,0%
C100421,LEAVE,LEAVE,0.01516919,YES,5%
C108434,STAY,STAY,0.604513,NO,0%
C102391,STAY,STAY,0.9132579,NO,0%
C113697,STAY,STAY,0.98567885,NO,0%
C100154,STAY,STAY,0.78320354,NO,0%
C108231,STAY,STAY,0.99319893,NO,0%
C100550,STAY,STAY,0.50066155,NO,0%
C114454,LEAVE,LEAVE,0.027505064,YES,5%
C105469,STAY,STAY,0.95831,NO,0%
C110332,STAY,STAY,0.7288042,NO,0%
C110691,STAY,STAY,0.9542174,NO,0%
C101763,STAY,STAY,0.86742216,NO,0%
C103316,STAY,STAY,0.92892945,NO,0%
C115865,STAY,LEAVE,0.38203686,YES,10%
C101599,STAY,STAY,0.8338659,NO,0%
C114149,LEAVE,LEAVE,0.19354188,YES,5%
C110666,STAY,STAY,0.97597754,NO,0%
C105006,STAY,LEAVE,0.4382972,YES,10%
C113880,STAY,STAY,0.9626478,NO,0%
C101261,LEAVE,LEAVE,0.22531466,YES,5%
C115393,STAY,STAY,0.50306916,NO,0%
C105770,LEAVE,STAY,0.6411663,NO,0%
C108349,LEAVE,LEAVE,0.016149668,YES,5%
C113598,LEAVE,LEAVE,0.46413463,YES,10%
C113743,STAY,STAY,0.9982907,NO,0%
C114681,LEAVE,LEAVE,0.19449782,YES,5%
C107554,STAY,STAY,0.97733444,NO,0%
C101179,STAY,STAY,0.999015,NO,0%
C104499,LEAVE,LEAVE,0.23623253,YES,5%
C101627,STAY,STAY,0.81826586,NO,0%
C103107,STAY,STAY,0.96707034,NO,0%
C108928,LEAVE,STAY,0.7364082,NO,0%
C111834,LEAVE,LEAVE,0.2819517,YES,10%
C106150,STAY,STAY,0.91807616,NO,0%
C103310,STAY,STAY,0.993071,NO,0%
C110295,STAY,STAY,0.78035575,NO,0%
C100941,LEAVE,LEAVE,0.10752705,YES,5%
C106448,LEAVE,LEAVE,0.028937675,YES,5%
C109702,STAY,STAY,0.7863978,NO,0%
C104134,STAY,STAY,0.96014696,NO,0%
C105799,STAY,STAY,0.8675108,NO,0%
C110713,LEAVE,LEAVE,0.22431242,YES,5%
C107738,STAY,LEAVE,0.4596143,YES,10%
C115048,LEAVE,STAY,0.94128555,NO,0%
C110374,STAY,STAY,0.8747035,NO,0%
C112475,STAY,STAY,0.7866393,NO,0%
C101346,STAY,STAY,0.84328604,NO,0%
C106295,STAY,STAY,0.87807024,NO,0%
C107142,STAY,STAY,0.97721374,NO,0%
C109971,STAY,STAY,0.61102885,NO,0%
C101305,STAY,STAY,0.53568554,NO,0%
C114848,LEAVE,LEAVE,0.07971521,YES,5%
C107613,STAY,LEAVE,0.4624034,YES,10%
C111375,STAY,STAY,0.94946516,NO,0%
C111496,STAY,STAY,0.56063384,NO,0%
C104911,LEAVE,LEAVE,0.4416152,YES,10%
C102794,STAY,STAY,0.9305643,NO,0%
C107137,STAY,STAY,0.5643239,NO,0%
C109343,STAY,STAY,0.95335436,NO,0%
C111392,LEAVE,LEAVE,0.065129854,YES,5%
C113702,LEAVE,LEAVE,0.1692642,YES,5%
C109822,LEAVE,LEAVE,0.00866637,YES,5%
C106535,STAY,STAY,0.91128165,NO,0%
C109205,LEAVE,LEAVE,0.069410294,YES,5%
C112380,LEAVE,STAY,0.6125222,NO,0%
C101802,STAY,STAY,0.9875635,NO,0%
C100949,STAY,STAY,0.6702528,NO,0%
C112747,STAY,STAY,0.79583,NO,0%
C108558,STAY,STAY,0.9693356,NO,0%
C103660,STAY,STAY,0.94208515,NO,0%
C112663,LEAVE,LEAVE,0.46853933,YES,10%
C102275,STAY,STAY,0.6590555,NO,0%
C110142,LEAVE,LEAVE,0.11913246,YES,5%
C105026,STAY,STAY,0.5876184,NO,0%
C115478,STAY,LEAVE,0.2769122,YES,10%
C115765,LEAVE,LEAVE,0.24548091,YES,5%
C106225,STAY,STAY,0.93487716,NO,0%
C115841,STAY,LEAVE,0.23869087,YES,5%
C109359,STAY,STAY,0.94686514,NO,0%
C111974,STAY,STAY,0.8085778,NO,0%
C114016,LEAVE,LEAVE,0.0716925,YES,5%
C103720,STAY,STAY,0.96541923,NO,0%
C106626,STAY,STAY,0.86689353,NO,0%
C109430,STAY,STAY,0.9282208,NO,0%
C111352,LEAVE,LEAVE,0.11846964,YES,5%
C113312,LEAVE,LEAVE,0.11242912,YES,5%
C106801,STAY,STAY,0.9264241,NO,0%
C102558,STAY,STAY,0.9729821,NO,0%
C108067,LEAVE,LEAVE,0.16321068,YES,5%
C104746,STAY,STAY,0.82482094,NO,0%
C113080,STAY,STAY,0.98428416,NO,0%
C105109,LEAVE,STAY,0.71599674,NO,0%
C114321,STAY,LEAVE,0.22977869,YES,5%
C109655,STAY,LEAVE,0.23722897,YES,5%
C103160,STAY,LEAVE,0.43822134,YES,10%
C110552,STAY,STAY,0.9096655,NO,0%
C100306,LEAVE,STAY,0.9878042,NO,0%
C108998,LEAVE,STAY,0.8372837,NO,0%
C114488,LEAVE,LEAVE,0.3634359,YES,10%
C106240,LEAVE,STAY,0.97801197,NO,0%
C103362,STAY,STAY,0.8832496,NO,0%
C108485,LEAVE,LEAVE,0.19181147,YES,5%
C106712,STAY,STAY,0.9763481,NO,0%
C106292,STAY,STAY,0.7275843,NO,0%
C111817,STAY,LEAVE,0.38986012,YES,10%
C107034,STAY,STAY,0.9466289,NO,0%
C100172,STAY,LEAVE,0.19554016,YES,5%
C112982,STAY,STAY,0.8011954,NO,0%
C105446,LEAVE,STAY,0.5592004,NO,0%
C110383,LEAVE,LEAVE,0.2970075,YES,10%
C110786,STAY,STAY,0.9479912,NO,0%
C103353,STAY,STAY,0.9518447,NO,0%
C100352,STAY,STAY,0.78630835,NO,0%
C111111,LEAVE,STAY,0.8721421,NO,0%
C103691,STAY,STAY,0.9864137,NO,0%
C111642,STAY,STAY,0.75898814,NO,0%
C106676,STAY,STAY,0.8727825,NO,0%
C113981,LEAVE,LEAVE,0.051336117,YES,5%
C101801,STAY,STAY,0.6535086,NO,0%
C113317,LEAVE,STAY,0.74591774,NO,0%
C111683,LEAVE,STAY,0.52244824,NO,0%
C111556,STAY,STAY,0.9866496,NO,0%
C103407,STAY,STAY,0.9958275,NO,0%
C105693,LEAVE,STAY,0.83024246,NO,0%
C105832,STAY,STAY,0.97898906,NO,0%
C104519,STAY,STAY,0.87242824,NO,0%
C115767,LEAVE,LEAVE,0.08803695,YES,5%
C111904,LEAVE,STAY,0.8093917,NO,0%
C111840,STAY,STAY,0.8705779,NO,0%
C111710,STAY,STAY,0.9370848,NO,0%
C103645,LEAVE,LEAVE,0.22127645,YES,5%
C110706,STAY,STAY,0.9835687,NO,0%
C110367,LEAVE,LEAVE,0.099672794,YES,5%
C102694,STAY,STAY,0.8788826,NO,0%
C100484,STAY,STAY,0.65325034,NO,0%
C103845,LEAVE,STAY,0.939054,NO,0%
C109681,LEAVE,STAY,0.89969116,NO,0%
C110961,LEAVE,LEAVE,0.028500816,YES,5%
C105745,STAY,STAY,0.9031502,NO,0%
C114131,LEAVE,STAY,0.72562736,NO,0%
C104179,STAY,STAY,0.528391,NO,0%
C107946,STAY,STAY,0.55000883,NO,0%
C103197,STAY,STAY,0.89346474,NO,0%
C113611,STAY,STAY,0.78639853,NO,0%
C104309,STAY,STAY,0.78498375,NO,0%
C104341,LEAVE,STAY,0.84564126,NO,0%
C113559,LEAVE,STAY,0.74256974,NO,0%
C113446,STAY,STAY,0.5062147,NO,0%
C115598,LEAVE,LEAVE,0.38220486,YES,10%
C105898,STAY,STAY,0.51099545,NO,0%
C108814,LEAVE,LEAVE,0.042206906,YES,5%
C107711,STAY,STAY,0.79027575,NO,0%
C111641,LEAVE,STAY,0.74384236,NO,0%
C102227,LEAVE,LEAVE,0.46823427,YES,10%
C112444,LEAVE,STAY,0.8213082,NO,0%
C100050,STAY,STAY,0.92103446,NO,0%
C103719,STAY,STAY,0.6653469,NO,0%
C103335,STAY,STAY,0.8171324,NO,0%
C110253,STAY,STAY,0.8309453,NO,0%
C109191,STAY,STAY,0.98146844,NO,0%
C103378,LEAVE,LEAVE,0.49191692,YES,10%
C105535,LEAVE,LEAVE,0.34047484,YES,10%
C114984,STAY,STAY,0.985573,NO,0%
C113670,LEAVE,LEAVE,0.29377586,YES,10%
C114726,STAY,LEAVE,0.22472864,YES,5%
C101035,LEAVE,STAY,0.7639308,NO,0%
C110586,LEAVE,LEAVE,0.056465466,YES,5%
C113629,LEAVE,LEAVE,0.2521146,YES,10%
C108608,LEAVE,LEAVE,0.39262408,YES,10%
C108004,STAY,STAY,0.99875546,NO,0%
C100642,LEAVE,LEAVE,0.017042864,YES,5%
C108614,LEAVE,STAY,0.70363235,NO,0%
C113433,STAY,STAY,0.728921,NO,0%
C112279,LEAVE,LEAVE,0.48536646,YES,10%
C100211,STAY,STAY,0.8897696,NO,0%
C108247,STAY,LEAVE,0.4969857,YES,10%
C113941,STAY,LEAVE,0.1960548,YES,5%
C101045,LEAVE,LEAVE,0.15531799,YES,5%
C109933,STAY,STAY,0.9769817,NO,0%
C103703,STAY,STAY,0.9214441,NO,0%
C104332,STAY,LEAVE,0.4037924,YES,10%
C106305,LEAVE,STAY,0.76258767,NO,0%
C114069,LEAVE,STAY,0.84451723,NO,0%
C109940,STAY,STAY,0.9387224,NO,0%
C107553,STAY,STAY,0.9997415,NO,0%
C102883,LEAVE,LEAVE,0.22033414,YES,5%
C113005,LEAVE,LEAVE,0.109354965,YES,5%
C105087,LEAVE,STAY,0.8296762,NO,0%
C101061,STAY,STAY,0.8542526,NO,0%
C108291,STAY,STAY,0.97879934,NO,0%
C112734,STAY,STAY,0.75507945,NO,0%
C101560,STAY,LEAVE,0.13554518,YES,5%
C103069,STAY,STAY,0.83972675,NO,0%
C111145,STAY,STAY,0.8943589,NO,0%
C102087,STAY,STAY,0.515204,NO,0%
C106819,LEAVE,LEAVE,0.10640162,YES,5%
C102137,LEAVE,STAY,0.6608038,NO,0%
C113233,STAY,STAY,0.93941313,NO,0%
C106019,LEAVE,LEAVE,0.08128244,YES,5%
C103433,STAY,STAY,0.96625894,NO,0%
C102366,LEAVE,LEAVE,0.2047026,YES,5%
C102981,STAY,STAY,0.95836926,NO,0%
C113786,STAY,STAY,0.8728808,NO,0%
C110935,STAY,STAY,0.89297426,NO,0%
C104390,STAY,STAY,0.6324962,NO,0%
C110522,LEAVE,LEAVE,0.28536186,YES,10%
C106113,STAY,STAY,0.98724294,NO,0%
C100446,STAY,STAY,0.82578164,NO,0%
C113198,STAY,STAY,0.9247984,NO,0%
C112744,STAY,STAY,0.9988362,NO,0%
C106480,LEAVE,STAY,0.6007851,NO,0%
C106011,STAY,STAY,0.9266172,NO,0%
C111387,LEAVE,LEAVE,0.36733606,YES,10%
C100526,STAY,LEAVE,0.10724956,YES,5%
C112644,STAY,STAY,0.8277308,NO,0%
C103666,LEAVE,LEAVE,0.052492175,YES,5%
C109819,STAY,STAY,0.8465289,NO,0%
C101692,STAY,LEAVE,0.46788618,YES,10%
C113186,LEAVE,LEAVE,0.43248034,YES,10%
C112794,STAY,STAY,0.6609528,NO,0%
C104736,STAY,STAY,0.6815916,NO,0%
C104177,STAY,STAY,0.973011,NO,0%
C113526,STAY,STAY,0.89356035,NO,0%
C113661,STAY,STAY,0.9523438,NO,0%
C100749,LEAVE,STAY,0.5370788,NO,0%
C108963,STAY,LEAVE,0.24534768,YES,5%
C107524,LEAVE,LEAVE,0.2512669,YES,10%
C102509,STAY,STAY,0.71566355,NO,0%
C104842,STAY,STAY,0.93360466,NO,0%
C114441,STAY,LEAVE,0.4071543,YES,10%
C111086,LEAVE,LEAVE,0.28602985,YES,10%
C104818,LEAVE,LEAVE,0.062219825,YES,5%
C112121,STAY,LEAVE,0.14347695,YES,5%
C111306,LEAVE,STAY,0.5372737,NO,0%
C113383,LEAVE,LEAVE,0.17529945,YES,5%
C113249,STAY,STAY,0.97113454,NO,0%
C114520,LEAVE,STAY,0.6060111,NO,0%
C113534,STAY,STAY,0.63050294,NO,0%
C111943,STAY,STAY,0.9176924,NO,0%
C112103,STAY,STAY,0.9045949,NO,0%
C107073,STAY,STAY,0.7064714,NO,0%
C104982,STAY,LEAVE,0.47338417,YES,10%
C101965,STAY,STAY,0.6710527,NO,0%
C107063,LEAVE,LEAVE,0.2753341,YES,10%
C115911,LEAVE,STAY,0.7762302,NO,0%
C100297,LEAVE,LEAVE,0.019654281,YES,5%
C113400,STAY,STAY,0.7671647,NO,0%
C102492,STAY,STAY,0.9874741,NO,0%
C100064,LEAVE,STAY,0.82033575,NO,0%
C108057,LEAVE,LEAVE,0.48967826,YES,10%
C100784,LEAVE,STAY,0.52765256,NO,0%
C106258,STAY,STAY,0.628189,NO,0%
C109390,LEAVE,LEAVE,0.46378267,YES,10%
C115147,STAY,STAY,0.83402324,NO,0%
C115400,LEAVE,LEAVE,0.35784617,YES,10%
C109892,STAY,STAY,0.9834705,NO,0%
C110440,LEAVE,LEAVE,0.26760742,YES,10%
C114679,STAY,STAY,0.98138535,NO,0%
C105237,STAY,STAY,0.999067,NO,0%
C113434,STAY,STAY,0.8356864,NO,0%
C111934,LEAVE,STAY,0.708962,NO,0%
C104187,LEAVE,LEAVE,0.04129874,YES,5%
C104287,LEAVE,LEAVE,0.44894138,YES,10%
C109780,LEAVE,LEAVE,0.43078712,YES,10%
C108978,LEAVE,STAY,0.81909776,NO,0%
C110282,LEAVE,LEAVE,0.44957677,YES,10%
C112468,LEAVE,LEAVE,0.49480844,YES,10%
C112027,STAY,STAY,0.9021463,NO,0%
C114763,STAY,LEAVE,0.22501013,YES,5%
C107998,STAY,STAY,0.9530407,NO,0%
C110140,STAY,STAY,0.8636144,NO,0%
C108511,LEAVE,LEAVE,0.20495123,YES,5%
C104931,LEAVE,LEAVE,0.3646853,YES,10%
C104706,STAY,STAY,0.60374916,NO,0%
C112913,LEAVE,LEAVE,0.07844956,YES,5%
C106648,STAY,STAY,0.94634557,NO,0%
C115107,STAY,STAY,0.87509906,NO,0%
C115334,STAY,STAY,0.7075363,NO,0%
C109049,STAY,STAY,0.95076597,NO,0%
C113482,STAY,LEAVE,0.46185124,YES,10%
C112469,LEAVE,LEAVE,0.22908942,YES,5%
C108285,LEAVE,LEAVE,0.25188103,YES,10%
C109244,LEAVE,LEAVE,0.11130104,YES,5%
C110807,STAY,STAY,0.99469084,NO,0%
C100197,STAY,STAY,0.8248318,NO,0%
C103982,STAY,STAY,0.9966222,NO,0%
C110871,STAY,STAY,0.974701,NO,0%
C104604,STAY,STAY,0.8583965,NO,0%
C108843,STAY,STAY,0.6702435,NO,0%
C109154,STAY,STAY,0.9985678,NO,0%
C102302,STAY,STAY,0.6986358,NO,0%
C100440,STAY,STAY,0.99293315,NO,0%
C105115,LEAVE,LEAVE,0.25702938,YES,10%
C111548,STAY,STAY,0.983712,NO,0%
C101215,STAY,STAY,0.5007147,NO,0%
C105114,STAY,LEAVE,0.15871681,YES,5%
C102769,LEAVE,LEAVE,0.37569475,YES,10%
C115387,STAY,STAY,0.97503746,NO,0%
C114189,LEAVE,LEAVE,0.31006643,YES,10%
C107959,LEAVE,LEAVE,0.19788235,YES,5%
C103895,STAY,LEAVE,0.2540105,YES,10%
C114163,STAY,STAY,0.9796595,NO,0%
C106031,STAY,STAY,0.7987707,NO,0%
C102365,STAY,STAY,0.53988135,NO,0%
C112148,STAY,STAY,0.91237694,NO,0%
C115492,STAY,STAY,0.61281806,NO,0%
C115912,STAY,STAY,0.997855,NO,0%
C109873,STAY,STAY,0.99568224,NO,0%
C108000,STAY,STAY,0.9112691,NO,0%
C101070,LEAVE,LEAVE,0.32205185,YES,10%
C104538,STAY,STAY,0.99698514,NO,0%
C104138,STAY,STAY,0.9645283,NO,0%
C110395,STAY,LEAVE,0.35516337,YES,10%
C108318,LEAVE,LEAVE,0.02799417,YES,5%
C108592,LEAVE,LEAVE,0.05225422,YES,5%
C113604,STAY,STAY,0.9082846,NO,0%
C102528,LEAVE,LEAVE,0.4186473,YES,10%
C107746,STAY,STAY,0.920276,NO,0%
C106744,STAY,LEAVE,0.30038664,YES,10%
C104335,STAY,LEAVE,0.2783345,YES,10%
C110720,STAY,STAY,0.5399072,NO,0%
C101899,STAY,STAY,0.9629364,NO,0%
C115838,STAY,STAY,0.86894894,NO,0%
C111087,LEAVE,STAY,0.952836,NO,0%
C102810,STAY,STAY,0.75393796,NO,0%
C102211,LEAVE,LEAVE,0.44972572,YES,10%
C101651,LEAVE,LEAVE,0.30264553,YES,10%
C100105,STAY,LEAVE,0.44005346,YES,10%
C101621,STAY,STAY,0.99879223,NO,0%
C105692,LEAVE,LEAVE,0.021646252,YES,5%
C103206,STAY,STAY,0.9215269,NO,0%
C102020,STAY,LEAVE,0.040443566,YES,5%
C115582,STAY,STAY,0.85307515,NO,0%
C104939,LEAVE,STAY,0.648069,NO,0%
C112731,LEAVE,LEAVE,0.4791012,YES,10%
C102785,STAY,LEAVE,0.3508117,YES,10%
C100501,STAY,STAY,0.7626964,NO,0%
C105667,LEAVE,STAY,0.6991226,NO,0%
C102602,LEAVE,LEAVE,0.45617294,YES,10%
C100993,STAY,STAY,0.7811962,NO,0%
C107516,STAY,STAY,0.83253485,NO,0%
C113801,STAY,LEAVE,0.38438317,YES,10%
C111300,LEAVE,STAY,0.9433234,NO,0%
C115549,STAY,STAY,0.97955006,NO,0%
C109137,STAY,STAY,0.9575475,NO,0%
C103379,STAY,LEAVE,0.36069015,YES,10%
C104971,STAY,LEAVE,0.44678447,YES,10%
C112745,STAY,STAY,0.60872567,NO,0%
C112915,LEAVE,STAY,0.5086012,NO,0%
C114361,LEAVE,LEAVE,0.36521497,YES,10%
C108515,LEAVE,LEAVE,0.4003508,YES,10%
C103138,LEAVE,STAY,0.8981179,NO,0%
C109911,STAY,STAY,0.9329912,NO,0%
C106272,STAY,STAY,0.92191565,NO,0%
C104416,LEAVE,STAY,0.53411394,NO,0%
C105785,STAY,STAY,0.9105004,NO,0%
C109667,STAY,STAY,0.74262834,NO,0%
C106608,STAY,STAY,0.9632722,NO,0%
C108977,STAY,STAY,0.9508155,NO,0%
C106493,STAY,STAY,0.99728143,NO,0%
C111875,LEAVE,LEAVE,0.37183842,YES,10%
C103693,STAY,STAY,0.68423456,NO,0%
C102553,STAY,STAY,0.9769778,NO,0%
C109986,STAY,STAY,0.99711883,NO,0%
C100420,STAY,STAY,0.951965,NO,0%
C104120,LEAVE,STAY,0.8360371,NO,0%
C113618,LEAVE,LEAVE,0.08265335,YES,5%
C112714,STAY,STAY,0.96981233,NO,0%
C110191,STAY,STAY,0.98438,NO,0%
C105657,STAY,LEAVE,0.35629675,YES,10%
C109375,STAY,STAY,0.99493486,NO,0%
C110909,STAY,STAY,0.97694117,NO,0%
C103987,STAY,LEAVE,0.3681276,YES,10%
C101607,STAY,STAY,0.8182986,NO,0%
C104928,LEAVE,STAY,0.78959024,NO,0%
C106033,LEAVE,LEAVE,0.04527872,YES,5%
C110761,STAY,STAY,0.81881285,NO,0%
C115873,LEAVE,LEAVE,0.14622168,YES,5%
C106782,STAY,STAY,0.77679676,NO,0%
C109708,LEAVE,LEAVE,0.4570507,YES,10%
C102617,STAY,STAY,0.9127576,NO,0%
C101192,STAY,STAY,0.99296266,NO,0%
C107399,STAY,STAY,0.6680953,NO,0%
C107311,LEAVE,LEAVE,0.17764503,YES,5%
C108058,LEAVE,STAY,0.7354318,NO,0%
C106326,LEAVE,LEAVE,0.46233442,YES,10%
C106462,STAY,LEAVE,0.23013952,YES,5%
C107360,STAY,STAY,0.8710577,NO,0%
C111823,STAY,STAY,0.9824568,NO,0%
C108284,STAY,STAY,0.60425824,NO,0%
C107225,STAY,STAY,0.9120324,NO,0%
C102584,LEAVE,LEAVE,0.11719805,YES,5%
C105567,STAY,STAY,0.9655777,NO,0%
C106087,STAY,STAY,0.88357097,NO,0%
C109812,STAY,STAY,0.7969465,NO,0%
C105930,LEAVE,LEAVE,0.043366827,YES,5%
C111378,LEAVE,LEAVE,0.12657371,YES,5%
C109310,LEAVE,LEAVE,0.18776576,YES,5%
C115078,STAY,STAY,0.75918514,NO,0%
C114258,LEAVE,LEAVE,0.24769476,YES,5%
C106704,STAY,LEAVE,0.13598892,YES,5%
C105821,STAY,STAY,0.9525894,NO,0%
C110284,STAY,STAY,0.5675939,NO,0%
C113886,STAY,STAY,0.5097448,NO,0%
C107124,STAY,STAY,0.8642131,NO,0%
C113251,STAY,STAY,0.96986365,NO,0%
C111430,STAY,STAY,0.8548356,NO,0%
C112191,STAY,STAY,0.7447452,NO,0%
C109706,LEAVE,LEAVE,0.4722644,YES,10%
C115715,STAY,LEAVE,0.30300218,YES,10%
C107584,LEAVE,LEAVE,0.21118605,YES,5%
C109307,LEAVE,STAY,0.74120367,NO,0%
C104409,STAY,STAY,0.87538,NO,0%
C104286,STAY,LEAVE,0.4871285,YES,10%
C110744,LEAVE,LEAVE,0.11965459,YES,5%
C101759,STAY,LEAVE,0.3589299,YES,10%
C114360,STAY,STAY,0.99164724,NO,0%
C102263,LEAVE,STAY,0.6609375,NO,0%
C101895,LEAVE,LEAVE,0.32088515,YES,10%
C115118,STAY,STAY,0.6573802,NO,0%
C109848,STAY,LEAVE,0.32692403,YES,10%
C111225,STAY,STAY,0.7442842,NO,0%
C113308,STAY,STAY,0.9717714,NO,0%
C106290,LEAVE,LEAVE,0.35328528,YES,10%
C107646,STAY,STAY,0.68422943,NO,0%
C109511,LEAVE,LEAVE,0.26395586,YES,10%
C104827,STAY,STAY,0.87133855,NO,0%
C111899,STAY,STAY,0.9819921,NO,0%
C105251,STAY,LEAVE,0.42772675,YES,10%
C100683,STAY,STAY,0.8839908,NO,0%
C115919,STAY,STAY,0.9388354,NO,0%
C112283,STAY,STAY,0.74566686,NO,0%
C102542,LEAVE,LEAVE,0.29139182,YES,10%
C111945,STAY,LEAVE,0.440194,YES,10%
C111619,STAY,STAY,0.6761915,NO,0%
C113329,STAY,STAY,0.8781226,NO,0%
C101201,LEAVE,STAY,0.5976566,NO,0%
C111218,LEAVE,LEAVE,0.19366884,YES,5%
C103745,STAY,STAY,0.92815644,NO,0%
C111121,LEAVE,STAY,0.6285287,NO,0%
C114168,STAY,LEAVE,0.17960554,YES,5%
C110267,STAY,LEAVE,0.097190514,YES,5%
C106106,LEAVE,STAY,0.6971674,NO,0%
C115246,STAY,STAY,0.98199457,NO,0%
C114670,STAY,STAY,0.9723069,NO,0%
C107467,STAY,STAY,0.8506943,NO,0%
C103318,LEAVE,LEAVE,0.375312,YES,10%
C108382,LEAVE,LEAVE,0.46986768,YES,10%
C101339,STAY,STAY,0.9987833,NO,0%
C115867,LEAVE,LEAVE,0.06588063,YES,5%
C112271,LEAVE,LEAVE,0.31225526,YES,10%
C114942,LEAVE,STAY,0.618045,NO,0%
C104228,STAY,STAY,0.6098716,NO,0%
C102907,STAY,STAY,0.9157974,NO,0%
C103490,LEAVE,LEAVE,0.13004196,YES,5%
C101114,LEAVE,LEAVE,0.042407207,YES,5%
C105533,STAY,STAY,0.5575505,NO,0%
C104382,STAY,STAY,0.97585505,NO,0%
C105227,LEAVE,LEAVE,0.3878165,YES,10%
C104579,STAY,STAY,0.9207958,NO,0%
C114305,LEAVE,LEAVE,0.16856459,YES,5%
C115382,STAY,LEAVE,0.46422383,YES,10%
C103827,STAY,STAY,0.91098225,NO,0%
C111628,STAY,STAY,0.80039716,NO,0%
C114788,STAY,STAY,0.99565107,NO,0%
C100053,LEAVE,STAY,0.79376805,NO,0%
C105491,LEAVE,LEAVE,0.34253338,YES,10%
C100078,LEAVE,STAY,0.99082935,NO,0%
C115140,LEAVE,LEAVE,0.44243148,YES,10%
C102620,STAY,STAY,0.52346224,NO,0%
C112012,STAY,STAY,0.5463746,NO,0%
C113351,STAY,STAY,0.960787,NO,0%
C108114,LEAVE,STAY,0.67595226,NO,0%
C111716,LEAVE,STAY,0.90440845,NO,0%
C100602,STAY,LEAVE,0.36996683,YES,10%
C102246,LEAVE,LEAVE,0.063473344,YES,5%
C102472,STAY,STAY,0.62622267,NO,0%
C100139,LEAVE,STAY,0.9429707,NO,0%
C108025,STAY,LEAVE,0.39154044,YES,10%
C107712,STAY,STAY,0.95817196,NO,0%
C108152,LEAVE,LEAVE,0.37691125,YES,10%
C110926,STAY,STAY,0.9300869,NO,0%
C103285,STAY,STAY,0.73604685,NO,0%
C104267,STAY,LEAVE,0.46808013,YES,10%
C109518,LEAVE,LEAVE,0.45196146,YES,10%
C112350,LEAVE,LEAVE,0.035778686,YES,5%
C102531,STAY,STAY,0.6418934,NO,0%
C107502,STAY,STAY,0.7778074,NO,0%
C100565,STAY,LEAVE,0.4688098,YES,10%
C108429,STAY,STAY,0.9513087,NO,0%
C104441,STAY,STAY,0.9954283,NO,0%
C107420,STAY,STAY,0.5806194,NO,0%
C103640,STAY,STAY,0.9541798,NO,0%
C102125,STAY,STAY,0.8408886,NO,0%
C113384,LEAVE,STAY,0.75329906,NO,0%
C102148,LEAVE,LEAVE,0.040272098,YES,5%
C100847,STAY,STAY,0.99653876,NO,0%
C102346,STAY,STAY,0.6746599,NO,0%
C112214,STAY,STAY,0.82385767,NO,0%
C111768,STAY,STAY,0.5481082,NO,0%
C101298,STAY,STAY,0.6891048,NO,0%
C104664,LEAVE,LEAVE,0.33442348,YES,10%
C112692,STAY,STAY,0.96046776,NO,0%
C101271,LEAVE,LEAVE,0.35932702,YES,10%
C112473,STAY,STAY,0.7841917,NO,0%
C112981,LEAVE,LEAVE,0.01841664,YES,5%
C110121,STAY,STAY,0.9499054,NO,0%
C112280,STAY,STAY,0.7939313,NO,0%
C106200,STAY,STAY,0.7739709,NO,0%
C104767,LEAVE,LEAVE,0.09201589,YES,5%
C114732,STAY,STAY,0.96087843,NO,0%
C100551,LEAVE,LEAVE,0.19166939,YES,5%
C113728,STAY,STAY,0.5584892,NO,0%
C107861,LEAVE,STAY,0.5414257,NO,0%
C109683,STAY,STAY,0.96317315,NO,0%
C113210,STAY,STAY,0.9984358,NO,0%
C113736,STAY,STAY,0.900334,NO,0%
C110528,STAY,STAY,0.96892077,NO,0%
C107055,STAY,STAY,0.913819,NO,0%
C109429,STAY,STAY,0.935688,NO,0%
C111322,STAY,STAY,0.90077716,NO,0%
C115691,STAY,LEAVE,0.40117636,YES,10%
C111567,STAY,LEAVE,0.28426796,YES,10%
C102982,STAY,STAY,0.8618558,NO,0%
C113263,STAY,STAY,0.7569365,NO,0%
C109480,LEAVE,STAY,0.95874244,NO,0%
C110741,STAY,STAY,0.85816735,NO,0%
C107350,LEAVE,LEAVE,0.26328355,YES,10%
C103083,LEAVE,LEAVE,0.3658512,YES,10%
C112460,LEAVE,LEAVE,0.43424404,YES,10%
C108399,LEAVE,STAY,0.77417,NO,0%
C104972,LEAVE,STAY,0.7021112,NO,0%
C104369,STAY,LEAVE,0.12694715,YES,5%
C102468,STAY,STAY,0.89621955,NO,0%
C104361,STAY,STAY,0.9768689,NO,0%
C101795,STAY,STAY,0.664475,NO,0%
C102109,LEAVE,LEAVE,0.4403405,YES,10%
C110207,STAY,STAY,0.58715457,NO,0%
C115142,LEAVE,STAY,0.7285534,NO,0%
C108534,STAY,STAY,0.96284354,NO,0%
C110309,STAY,STAY,0.625861,NO,0%
C107468,STAY,STAY,0.50963354,NO,0%
C113209,LEAVE,STAY,0.50327593,NO,0%
C106143,STAY,STAY,0.9602328,NO,0%
C100601,LEAVE,LEAVE,0.1119732,YES,5%
C101995,STAY,STAY,0.9277713,NO,0%
C115892,STAY,STAY,0.99694663,NO,0%
C112036,LEAVE,LEAVE,0.34231544,YES,10%
C105407,STAY,STAY,0.8506605,NO,0%
C111058,LEAVE,LEAVE,0.30235124,YES,10%
C115488,STAY,STAY,0.7770669,NO,0%
C100510,LEAVE,STAY,0.57816136,NO,0%
C104689,LEAVE,LEAVE,0.030105984,YES,5%
C107944,STAY,LEAVE,0.47020513,YES,10%
C112924,LEAVE,STAY,0.6471602,NO,0%
C108339,STAY,STAY,0.9023019,NO,0%
C114432,STAY,STAY,0.9429297,NO,0%
C106511,STAY,STAY,0.980251,NO,0%
C107993,STAY,STAY,0.9624628,NO,0%
C108146,LEAVE,LEAVE,0.45254883,YES,10%
C105064,STAY,STAY,0.9004791,NO,0%
C111788,STAY,STAY,0.81891525,NO,0%
C110418,LEAVE,LEAVE,0.3060482,YES,10%
C109196,LEAVE,LEAVE,0.15850045,YES,5%
C102925,STAY,STAY,0.9409169,NO,0%
C114667,STAY,STAY,0.7219877,NO,0%
C109458,LEAVE,LEAVE,0.20826115,YES,5%
C100774,STAY,STAY,0.9841351,NO,0%
C115081,LEAVE,LEAVE,0.26893172,YES,10%
C111807,STAY,STAY,0.72635895,NO,0%
C109647,STAY,STAY,0.78894854,NO,0%
C114967,STAY,STAY,0.5459495,NO,0%
C104472,STAY,STAY,0.93426245,NO,0%
C114863,LEAVE,STAY,0.6838207,NO,0%
C115577,STAY,STAY,0.9705353,NO,0%
C115567,STAY,STAY,0.8637958,NO,0%
C100799,STAY,STAY,0.9767346,NO,0%
C113616,LEAVE,LEAVE,0.33724475,YES,10%
C100000,STAY,STAY,0.85410774,NO,0%
C108155,LEAVE,LEAVE,0.031455886,YES,5%
C105637,STAY,STAY,0.76823467,NO,0%
C105396,STAY,STAY,0.9811112,NO,0%
C109575,LEAVE,LEAVE,0.4793916,YES,10%
C102812,STAY,STAY,0.62364566,NO,0%
C111658,STAY,STAY,0.9848956,NO,0%
C103900,STAY,STAY,0.93398494,NO,0%
C103808,LEAVE,STAY,0.9266216,NO,0%
C101711,STAY,LEAVE,0.14590617,YES,5%
C103949,STAY,STAY,0.9920115,NO,0%
C103572,LEAVE,LEAVE,0.059788667,YES,5%
C106201,STAY,STAY,0.87838006,NO,0%
C103642,LEAVE,LEAVE,0.24267149,YES,5%
C112946,STAY,STAY,0.9202875,NO,0%
C101984,LEAVE,LEAVE,0.025527691,YES,5%
C111383,STAY,STAY,0.998403,NO,0%
C105919,STAY,STAY,0.91104776,NO,0%
C108793,STAY,STAY,0.79936206,NO,0%
C107090,STAY,LEAVE,0.3875424,YES,10%
C105797,LEAVE,STAY,0.7000478,NO,0%
C113260,STAY,LEAVE,0.27596995,YES,10%
C110562,STAY,STAY,0.7302136,NO,0%
C103547,LEAVE,STAY,0.71522075,NO,0%
C104189,LEAVE,LEAVE,0.04727871,YES,5%
C104532,LEAVE,STAY,0.6393828,NO,0%
C102864,STAY,STAY,0.83053803,NO,0%
C100300,LEAVE,STAY,0.80831337,NO,0%
C112571,LEAVE,STAY,0.59793043,NO,0%
C113669,STAY,STAY,0.97066957,NO,0%
C108651,LEAVE,STAY,0.66957426,NO,0%
C106611,STAY,STAY,0.5427477,NO,0%
C111266,STAY,STAY,0.9528016,NO,0%
C114964,STAY,STAY,0.9313983,NO,0%
C109707,STAY,STAY,0.7138695,NO,0%
C109809,STAY,LEAVE,0.3194118,YES,10%
C107721,STAY,STAY,0.6430248,NO,0%
C110698,LEAVE,STAY,0.8607372,NO,0%
C100593,STAY,STAY,0.9733865,NO,0%
C113573,STAY,STAY,0.7161841,NO,0%
C101461,LEAVE,LEAVE,0.30707282,YES,10%
C110751,STAY,STAY,0.88741803,NO,0%
C105577,STAY,STAY,0.83853436,NO,0%
C109211,STAY,STAY,0.95817506,NO,0%
C110964,STAY,STAY,0.9683652,NO,0%
C109355,LEAVE,STAY,0.89962727,NO,0%
C114313,STAY,STAY,0.72935647,NO,0%
C115823,LEAVE,STAY,0.65976536,NO,0%
C113818,LEAVE,LEAVE,0.2863982,YES,10%
C103527,STAY,LEAVE,0.39149272,YES,10%
C107023,STAY,STAY,0.92596716,NO,0%
C108663,STAY,STAY,0.96614975,NO,0%
C108147,STAY,STAY,0.95411634,NO,0%
C106847,LEAVE,STAY,0.5415996,NO,0%
C115859,STAY,LEAVE,0.43216524,YES,10%
C108604,STAY,STAY,0.9617722,NO,0%
C104890,STAY,STAY,0.99750865,NO,0%
C114660,LEAVE,LEAVE,0.09708659,YES,5%
C103327,LEAVE,LEAVE,0.45921564,YES,10%
C115133,STAY,STAY,0.96702886,NO,0%
C114668,STAY,STAY,0.8738448,NO,0%
C112574,STAY,LEAVE,0.4713753,YES,10%
C100727,LEAVE,LEAVE,0.21204472,YES,5%
C100060,STAY,STAY,0.938145,NO,0%
C112289,LEAVE,STAY,0.8211844,NO,0%
C100961,LEAVE,LEAVE,0.050137553,YES,5%
C105987,LEAVE,LEAVE,0.16137491,YES,5%
C115785,STAY,LEAVE,0.39529726,YES,10%
C102218,STAY,STAY,0.99678576,NO,0%
C108956,STAY,STAY,0.98968947,NO,0%
C107411,LEAVE,LEAVE,0.41045722,YES,10%
C109619,STAY,STAY,0.81542814,NO,0%
C113004,STAY,STAY,0.9580025,NO,0%
C109350,STAY,LEAVE,0.49891743,YES,10%
C103179,LEAVE,LEAVE,0.122343495,YES,5%
C113732,STAY,STAY,0.9114747,NO,0%
C114165,LEAVE,LEAVE,0.42325774,YES,10%
C108876,STAY,STAY,0.878616,NO,0%
C111952,LEAVE,LEAVE,0.46596646,YES,10%
C110862,STAY,LEAVE,0.2331231,YES,5%
C101066,STAY,STAY,0.9936207,NO,0%
C113592,LEAVE,LEAVE,0.22447203,YES,5%
C112631,STAY,STAY,0.9650322,NO,0%
C102688,STAY,STAY,0.98091125,NO,0%
C114893,LEAVE,STAY,0.64253926,NO,0%
C113289,STAY,STAY,0.99972004,NO,0%
C102710,STAY,LEAVE,0.4035486,YES,10%
C113374,STAY,STAY,0.6369219,NO,0%
C103145,LEAVE,LEAVE,0.015421143,YES,5%
C111599,LEAVE,LEAVE,0.028268423,YES,5%
C114489,STAY,LEAVE,0.37932622,YES,10%
C106937,LEAVE,LEAVE,0.22183725,YES,5%
C114695,STAY,LEAVE,0.2907666,YES,10%
C113409,STAY,STAY,0.6050737,NO,0%
C114818,STAY,STAY,0.8084327,NO,0%
C113556,LEAVE,LEAVE,0.22262827,YES,5%
C102337,LEAVE,STAY,0.99599093,NO,0%
C115392,STAY,STAY,0.8322069,NO,0%
C109079,STAY,STAY,0.60551083,NO,0%
C102536,STAY,STAY,0.98703116,NO,0%
C113239,STAY,STAY,0.9939809,NO,0%
C108088,STAY,STAY,0.9311408,NO,0%
C110174,STAY,STAY,0.9518442,NO,0%
C107098,STAY,STAY,0.8518223,NO,0%
C102709,LEAVE,STAY,0.9945868,NO,0%
C112322,LEAVE,LEAVE,0.30174482,YES,10%
C107766,LEAVE,STAY,0.6146983,NO,0%
C115290,LEAVE,STAY,0.94263977,NO,0%
C111479,STAY,LEAVE,0.40860292,YES,10%
C103424,STAY,STAY,0.9803859,NO,0%
C100242,STAY,LEAVE,0.47856542,YES,10%
C102113,LEAVE,LEAVE,0.49416947,YES,10%
C100236,LEAVE,LEAVE,0.46222657,YES,10%
C102223,LEAVE,LEAVE,0.09516577,YES,5%
C107423,LEAVE,LEAVE,0.0648587,YES,5%
C111836,STAY,STAY,0.9763984,NO,0%
C113530,STAY,STAY,0.7461963,NO,0%
C101040,STAY,STAY,0.600266,NO,0%
C112942,STAY,STAY,0.9885511,NO,0%
C112476,STAY,STAY,0.9829233,NO,0%
C111490,STAY,STAY,0.9436349,NO,0%
C104741,LEAVE,LEAVE,0.32393277,YES,10%
C107640,STAY,STAY,0.99381506,NO,0%
C112500,LEAVE,LEAVE,0.2754052,YES,10%
C113967,LEAVE,LEAVE,0.094189234,YES,5%
C106260,STAY,STAY,0.9491246,NO,0%
C115023,STAY,STAY,0.96227163,NO,0%
C112058,LEAVE,STAY,0.57403994,NO,0%
C110780,STAY,STAY,0.63183665,NO,0%
C103383,STAY,STAY,0.85805285,NO,0%
C106699,STAY,STAY,0.9774214,NO,0%
C106809,LEAVE,STAY,0.93189466,NO,0%
C113269,STAY,STAY,0.85139364,NO,0%
C101477,STAY,STAY,0.93311596,NO,0%
C102010,LEAVE,LEAVE,0.110416904,YES,5%
C112109,STAY,STAY,0.9707008,NO,0%
C109538,LEAVE,LEAVE,0.027310695,YES,5%
C113791,STAY,LEAVE,0.173738,YES,5%
C111745,STAY,STAY,0.97058827,NO,0%
C113762,STAY,STAY,0.97751576,NO,0%
C113934,STAY,STAY,0.9585021,NO,0%
C102862,LEAVE,STAY,0.5672117,NO,0%
C107550,STAY,STAY,0.80221957,NO,0%
C109481,LEAVE,LEAVE,0.2242291,YES,5%
C105110,LEAVE,STAY,0.53771687,NO,0%
C109354,LEAVE,LEAVE,0.10392349,YES,5%
C103751,STAY,STAY,0.854144,NO,0%
C109080,STAY,STAY,0.92846656,NO,0%
C108517,LEAVE,LEAVE,0.38092983,YES,10%
C113547,STAY,STAY,0.70798475,NO,0%
C103908,STAY,STAY,0.54109955,NO,0%
C111779,STAY,STAY,0.9759723,NO,0%
C108903,STAY,STAY,0.9242649,NO,0%
C105781,LEAVE,LEAVE,0.14660329,YES,5%
C104061,STAY,STAY,0.8653394,NO,0%
C111773,STAY,STAY,0.60110664,NO,0%
C111715,STAY,STAY,0.9298401,NO,0%
C114218,STAY,STAY,0.97921914,NO,0%
C100608,LEAVE,LEAVE,0.0016813363,YES,5%
C111382,LEAVE,STAY,0.7292911,NO,0%
C102233,STAY,STAY,0.83134365,NO,0%
C100815,LEAVE,STAY,0.9905263,NO,0%
C101417,LEAVE,LEAVE,0.3588647,YES,10%
C100074,STAY,STAY,0.94968927,NO,0%
C113582,LEAVE,LEAVE,0.13069247,YES,5%
C103559,STAY,STAY,0.72389287,NO,0%
C113898,STAY,STAY,0.80939746,NO,0%
C103804,STAY,STAY,0.55854934,NO,0%
C109477,LEAVE,STAY,0.6163997,NO,0%
C106296,STAY,STAY,0.95963013,NO,0%
C110365,STAY,STAY,0.8900056,NO,0%
C102129,STAY,LEAVE,0.43145648,YES,10%
C112902,STAY,LEAVE,0.29422867,YES,10%
C104248,STAY,STAY,0.58702344,NO,0%
C100983,STAY,STAY,0.6086502,NO,0%
C108186,STAY,STAY,0.59181887,NO,0%
C113119,STAY,STAY,0.99745685,NO,0%
C115684,STAY,STAY,0.7378391,NO,0%
C112277,STAY,STAY,0.67605007,NO,0%
C106174,STAY,STAY,0.82406247,NO,0%
C103467,LEAVE,STAY,0.5665384,NO,0%
C105451,STAY,STAY,0.9071485,NO,0%
C106368,STAY,STAY,0.7362827,NO,0%
C104349,LEAVE,LEAVE,0.23395781,YES,5%
C109286,STAY,LEAVE,0.29217064,YES,10%
C101905,STAY,STAY,0.571455,NO,0%
C115052,STAY,STAY,0.960048,NO,0%
C107623,STAY,STAY,0.9632183,NO,0%
C108431,STAY,STAY,0.8682582,NO,0%
C102530,STAY,STAY,0.9934909,NO,0%
C109163,LEAVE,LEAVE,0.089865535,YES,5%
C107036,LEAVE,STAY,0.52835286,NO,0%
C104330,STAY,STAY,0.64658964,NO,0%
C107339,STAY,STAY,0.93067276,NO,0%
C105951,LEAVE,LEAVE,0.26773503,YES,10%
C113910,STAY,LEAVE,0.35830367,YES,10%
C104337,LEAVE,LEAVE,0.05107921,YES,5%
C104049,LEAVE,LEAVE,0.32012025,YES,10%
C115748,STAY,STAY,0.99573565,NO,0%
C110667,STAY,STAY,0.663275,NO,0%
C107454,STAY,STAY,0.9997992,NO,0%
C100150,LEAVE,STAY,0.81790954,NO,0%
C111512,STAY,STAY,0.99303585,NO,0%
C114286,STAY,STAY,0.96576256,NO,0%
C108031,STAY,STAY,0.8614799,NO,0%
C106595,STAY,STAY,0.9962753,NO,0%
C110075,STAY,STAY,0.85624427,NO,0%
C103990,STAY,STAY,0.725909,NO,0%
C102438,STAY,STAY,0.9997552,NO,0%
C109662,STAY,STAY,0.7845123,NO,0%
C114604,STAY,STAY,0.985559,NO,0%
C109323,STAY,STAY,0.93624526,NO,0%
C105664,STAY,STAY,0.97374004,NO,0%
C105010,LEAVE,LEAVE,0.48851225,YES,10%
C110454,STAY,STAY,0.6677816,NO,0%
C103437,STAY,STAY,0.92950016,NO,0%
C103376,STAY,STAY,0.87254024,NO,0%
C104281,STAY,STAY,0.9975108,NO,0%
C106484,STAY,STAY,0.8700927,NO,0%
C104896,STAY,STAY,0.7705943,NO,0%
C100402,LEAVE,LEAVE,0.15606171,YES,5%
C110337,STAY,STAY,0.850999,NO,0%
C110486,STAY,STAY,0.92546815,NO,0%
C112916,LEAVE,STAY,0.99230146,NO,0%
C107182,LEAVE,LEAVE,0.100070745,YES,5%
C105709,STAY,STAY,0.7412523,NO,0%
C105722,STAY,STAY,0.8240223,NO,0%
C113268,LEAVE,LEAVE,0.14573099,YES,5%
C108575,STAY,STAY,0.9963756,NO,0%
C115653,STAY,STAY,0.97653484,NO,0%
C114098,STAY,STAY,0.9819579,NO,0%
C109292,STAY,STAY,0.61251444,NO,0%
C107319,STAY,STAY,0.9791629,NO,0%
C100461,STAY,STAY,0.9451098,NO,0%
C101487,LEAVE,STAY,0.6049321,NO,0%
C112238,STAY,STAY,0.8779007,NO,0%
C106021,LEAVE,LEAVE,0.107827984,YES,5%
C115972,STAY,STAY,0.9877666,NO,0%
C114022,LEAVE,STAY,0.70531374,NO,0%
C107714,STAY,STAY,0.9020638,NO,0%
C100021,LEAVE,LEAVE,0.32925537,YES,10%
C105644,STAY,STAY,0.9917671,NO,0%
C108507,STAY,STAY,0.9636046,NO,0%
C114036,LEAVE,LEAVE,0.12939978,YES,5%
C104556,STAY,STAY,0.8616713,NO,0%
C109985,LEAVE,STAY,0.80877024,NO,0%
C100690,STAY,STAY,0.80143225,NO,0%
C113807,STAY,STAY,0.9524621,NO,0%
C114541,STAY,STAY,0.8355019,NO,0%
C114632,LEAVE,STAY,0.5886664,NO,0%
C108730,LEAVE,LEAVE,0.046723485,YES,5%
C110122,LEAVE,LEAVE,0.37774992,YES,10%
C104644,STAY,STAY,0.8519804,NO,0%
C103049,STAY,STAY,0.995295,NO,0%
C110595,STAY,STAY,0.8457185,NO,0%
C108227,STAY,STAY,0.9541913,NO,0%
C101807,STAY,STAY,0.9931478,NO,0%
C105419,STAY,STAY,0.89304113,NO,0%
C108063,LEAVE,LEAVE,0.20544559,YES,5%
C103517,LEAVE,LEAVE,0.40756664,YES,10%
C100870,STAY,LEAVE,0.094426125,YES,5%
C108685,LEAVE,LEAVE,0.33668202,YES,10%
C109158,LEAVE,LEAVE,0.2532889,YES,10%
C107954,STAY,STAY,0.90368277,NO,0%
C110707,STAY,LEAVE,0.10671826,YES,5%
C106117,LEAVE,STAY,0.89977735,NO,0%
C103534,LEAVE,LEAVE,0.018911745,YES,5%
C111887,LEAVE,LEAVE,0.20060109,YES,5%
C100371,STAY,STAY,0.91359645,NO,0%
C112711,LEAVE,STAY,0.51958627,NO,0%
C105131,LEAVE,STAY,0.9389203,NO,0%
C101494,LEAVE,LEAVE,0.23265906,YES,5%
C101278,LEAVE,LEAVE,0.26612964,YES,10%
C112905,LEAVE,LEAVE,0.3293867,YES,10%
C105717,LEAVE,LEAVE,0.2944494,YES,10%
C102291,STAY,STAY,0.6891442,NO,0%
C115154,LEAVE,LEAVE,0.1844439,YES,5%
C109162,LEAVE,STAY,0.5537958,NO,0%
C110574,LEAVE,LEAVE,0.18982972,YES,5%
C114809,LEAVE,LEAVE,0.33154735,YES,10%
C100719,STAY,STAY,0.9395313,NO,0%
C106159,STAY,STAY,0.9977042,NO,0%
C110123,LEAVE,LEAVE,0.0112740705,YES,5%
C111458,LEAVE,LEAVE,0.4589955,YES,10%
C110913,LEAVE,LEAVE,0.42284444,YES,10%
C108050,LEAVE,STAY,0.68848646,NO,0%
C107650,LEAVE,STAY,0.69647115,NO,0%
C113777,LEAVE,STAY,0.9619104,NO,0%
C114490,STAY,LEAVE,0.22044817,YES,5%
C103718,STAY,STAY,0.93332815,NO,0%
C113414,STAY,STAY,0.879655,NO,0%
C100364,STAY,STAY,0.99137247,NO,0%
C106820,STAY,STAY,0.51214266,NO,0%
C108352,STAY,LEAVE,0.31638795,YES,10%
C110732,LEAVE,LEAVE,0.019837243,YES,5%
C110082,STAY,STAY,0.9963581,NO,0%
C100907,STAY,STAY,0.8394344,NO,0%
C103030,STAY,STAY,0.96387655,NO,0%
C113584,LEAVE,LEAVE,0.4495409,YES,10%
C104999,STAY,STAY,0.81982946,NO,0%
C108394,STAY,STAY,0.9557786,NO,0%
C101059,STAY,STAY,0.96486115,NO,0%
C100249,STAY,STAY,0.85222054,NO,0%
C105449,STAY,STAY,0.90209836,NO,0%
C114048,LEAVE,LEAVE,0.09663465,YES,5%
C110236,LEAVE,STAY,0.68067825,NO,0%
C105197,LEAVE,LEAVE,0.32575685,YES,10%
C100278,STAY,LEAVE,0.039305177,YES,5%
C112558,LEAVE,LEAVE,0.15224357,YES,5%
C105327,LEAVE,LEAVE,0.022636853,YES,5%
C104889,STAY,STAY,0.93155044,NO,0%
C107995,STAY,LEAVE,0.3569197,YES,10%
C105961,LEAVE,LEAVE,0.16424221,YES,5%
C106755,STAY,STAY,0.8467857,NO,0%
C111016,STAY,STAY,0.8008967,NO,0%
C113123,STAY,STAY,0.9892278,NO,0%
C113066,LEAVE,LEAVE,0.024187012,YES,5%
C102315,LEAVE,LEAVE,0.35747007,YES,10%
C100976,STAY,LEAVE,0.4152639,YES,10%
C108016,LEAVE,LEAVE,0.1859134,YES,5%
C113608,STAY,LEAVE,0.33861092,YES,10%
C104495,STAY,STAY,0.78168017,NO,0%
C108144,LEAVE,LEAVE,0.22346422,YES,5%
C110273,STAY,LEAVE,0.42543957,YES,10%
C114862,LEAVE,LEAVE,0.4468378,YES,10%
C108980,STAY,STAY,0.95906657,NO,0%
C115294,STAY,STAY,0.9991721,NO,0%
C106279,LEAVE,STAY,0.5468882,NO,0%
C110882,LEAVE,LEAVE,0.086789496,YES,5%
C104687,STAY,STAY,0.93377,NO,0%
C112020,STAY,STAY,0.99289215,NO,0%
C105670,STAY,STAY,0.9500981,NO,0%
C106239,STAY,STAY,0.94696116,NO,0%
C110767,STAY,STAY,0.9540434,NO,0%
C106924,STAY,STAY,0.92286414,NO,0%
C102045,STAY,STAY,0.92242026,NO,0%
C110492,STAY,STAY,0.8047221,NO,0%
C115728,LEAVE,LEAVE,0.14722098,YES,5%
C109058,LEAVE,STAY,0.72274625,NO,0%
C108232,STAY,STAY,0.98742527,NO,0%
C109107,STAY,STAY,0.9958461,NO,0%
C114802,LEAVE,STAY,0.8960018,NO,0%
C114630,STAY,STAY,0.7437029,NO,0%
C105592,LEAVE,LEAVE,0.29314318,YES,10%
C112019,STAY,STAY,0.7384141,NO,0%
C112603,STAY,STAY,0.9991411,NO,0%
C103338,STAY,STAY,0.7136305,NO,0%
C113114,STAY,STAY,0.80906713,NO,0%
C106110,STAY,STAY,0.9671967,NO,0%
C101697,STAY,STAY,0.92374104,NO,0%
C111676,STAY,STAY,0.504515,NO,0%
C111975,LEAVE,LEAVE,0.08658569,YES,5%
C114524,STAY,STAY,0.9903808,NO,0%
C108084,LEAVE,LEAVE,0.14938366,YES,5%
C105207,STAY,STAY,0.81681377,NO,0%
C110283,STAY,STAY,0.9717923,NO,0%
C111696,STAY,STAY,0.7087858,NO,0%
C108900,STAY,STAY,0.5659529,NO,0%
C101326,STAY,LEAVE,0.2797642,YES,10%
C108642,STAY,STAY,0.9161155,NO,0%
C111858,STAY,STAY,0.9686149,NO,0%
C111317,LEAVE,STAY,0.9693299,NO,0%
C107061,STAY,STAY,0.85499954,NO,0%
C107088,LEAVE,LEAVE,0.15764405,YES,5%
C112113,STAY,STAY,0.93987006,NO,0%
C108417,STAY,STAY,0.98801976,NO,0%
C115965,STAY,STAY,0.6154264,NO,0%
C114106,LEAVE,LEAVE,0.19413772,YES,5%
C111691,STAY,STAY,0.90922076,NO,0%
C109161,LEAVE,LEAVE,0.4352623,YES,10%
C111656,STAY,STAY,0.9665709,NO,0%
C113164,LEAVE,LEAVE,0.14209574,YES,5%
C105756,STAY,STAY,0.9994771,NO,0%
C112348,STAY,STAY,0.72762907,NO,0%
C102428,STAY,STAY,0.8638579,NO,0%
C101481,LEAVE,LEAVE,0.39323038,YES,10%
C104331,STAY,STAY,0.90334517,NO,0%
C106917,LEAVE,LEAVE,0.04723914,YES,5%
C102425,STAY,STAY,0.9819686,NO,0%
C110822,LEAVE,LEAVE,0.14619493,YES,5%
C114042,STAY,STAY,0.98562396,NO,0%
C112501,LEAVE,LEAVE,0.06753731,YES,5%
C109524,LEAVE,LEAVE,0.018353553,YES,5%
C104984,LEAVE,STAY,0.556847,NO,0%
C100141,LEAVE,LEAVE,0.23189282,YES,5%
C100597,STAY,STAY,0.9684415,NO,0%
C105804,STAY,STAY,0.97147375,NO,0%
C110867,LEAVE,LEAVE,0.025521928,YES,5%
C109908,LEAVE,LEAVE,0.03527491,YES,5%
C110504,LEAVE,LEAVE,0.031781834,YES,5%
C102305,STAY,LEAVE,0.27132604,YES,10%
C102127,STAY,STAY,0.8882245,NO,0%
C112410,STAY,LEAVE,0.4015872,YES,10%
C111070,STAY,STAY,0.5826248,NO,0%
C101463,STAY,STAY,0.9584527,NO,0%
C110856,STAY,STAY,0.8770858,NO,0%
C114628,STAY,STAY,0.7442575,NO,0%
C104145,STAY,STAY,0.9814139,NO,0%
C109460,LEAVE,STAY,0.95720905,NO,0%
C115239,STAY,STAY,0.8361205,NO,0%
C102382,STAY,LEAVE,0.02998586,YES,5%
C105519,STAY,STAY,0.69725835,NO,0%
C100810,LEAVE,LEAVE,0.49511507,YES,10%
C115516,STAY,STAY,0.9940812,NO,0%
C110554,LEAVE,LEAVE,0.069034755,YES,5%
C114348,STAY,LEAVE,0.23622724,YES,5%
C100008,LEAVE,STAY,0.85104126,NO,0%
C107558,STAY,STAY,0.96465033,NO,0%
C102457,STAY,LEAVE,0.48199865,YES,10%
C108958,STAY,STAY,0.9244438,NO,0%
C113129,LEAVE,LEAVE,0.013670132,YES,5%
C109910,STAY,LEAVE,0.3404456,YES,10%
C115480,LEAVE,STAY,0.73306423,NO,0%
C108220,STAY,STAY,0.9711339,NO,0%
C110538,STAY,STAY,0.9958758,NO,0%
C104897,STAY,STAY,0.97764105,NO,0%
C106413,STAY,STAY,0.8741682,NO,0%
C100618,STAY,STAY,0.5594957,NO,0%
C106720,STAY,LEAVE,0.38485453,YES,10%
C111501,STAY,STAY,0.98096406,NO,0%
C107589,LEAVE,LEAVE,0.014379922,YES,5%
C115629,STAY,STAY,0.5671467,NO,0%
C103028,LEAVE,LEAVE,0.14729266,YES,5%
C104852,LEAVE,LEAVE,0.15893832,YES,5%
C108744,LEAVE,LEAVE,0.22155291,YES,5%
C100130,LEAVE,STAY,0.5565855,NO,0%
C115396,LEAVE,LEAVE,0.23203528,YES,5%
C105949,LEAVE,LEAVE,0.2800383,YES,10%
C103475,LEAVE,STAY,0.753101,NO,0%
C114287,LEAVE,LEAVE,0.11655969,YES,5%
C106794,LEAVE,LEAVE,0.38319874,YES,10%
C100382,STAY,LEAVE,0.26409367,YES,10%
C104463,STAY,STAY,0.9365178,NO,0%
C110289,STAY,STAY,0.9707125,NO,0%
C106610,LEAVE,LEAVE,0.40369362,YES,10%
C103273,STAY,STAY,0.93785787,NO,0%
C113907,LEAVE,STAY,0.7253319,NO,0%
C105742,STAY,LEAVE,0.097787246,YES,5%
C102248,LEAVE,LEAVE,0.24461415,YES,5%
C102104,STAY,STAY,0.7366536,NO,0%
C106552,STAY,LEAVE,0.20954613,YES,5%
C100579,LEAVE,STAY,0.7343363,NO,0%
C105278,STAY,LEAVE,0.44991282,YES,10%
C102163,STAY,STAY,0.9578543,NO,0%
C109476,STAY,STAY,0.89668286,NO,0%
C114480,LEAVE,LEAVE,0.17043272,YES,5%
C113381,STAY,STAY,0.9695295,NO,0%
C114777,STAY,STAY,0.89036155,NO,0%
C100996,STAY,STAY,0.9829593,NO,0%
C112561,STAY,STAY,0.9976981,NO,0%
C100564,STAY,STAY,0.7005742,NO,0%
C103458,STAY,STAY,0.9808045,NO,0%
C109948,STAY,STAY,0.89267766,NO,0%
C102847,STAY,STAY,0.9367599,NO,0%
C105921,LEAVE,LEAVE,0.0023016855,YES,5%
C113504,LEAVE,LEAVE,0.15327747,YES,5%
C110268,STAY,STAY,0.9816538,NO,0%
C106187,LEAVE,STAY,0.68397236,NO,0%
C102995,LEAVE,LEAVE,0.37689394,YES,10%
C101980,LEAVE,STAY,0.522419,NO,0%
C105339,STAY,STAY,0.662126,NO,0%
C103152,STAY,STAY,0.9397732,NO,0%
C115769,LEAVE,LEAVE,0.2627938,YES,10%
C109370,STAY,STAY,0.73390067,NO,0%
C112567,STAY,STAY,0.92338425,NO,0%
C113832,STAY,STAY,0.77615714,NO,0%
C108935,LEAVE,STAY,0.5705116,NO,0%
C101550,STAY,STAY,0.95725274,NO,0%
C114713,STAY,LEAVE,0.06833192,YES,5%
C111132,LEAVE,STAY,0.85935616,NO,0%
C105418,LEAVE,LEAVE,0.19104068,YES,5%
C114781,STAY,LEAVE,0.49668932,YES,10%
C108309,STAY,STAY,0.96032125,NO,0%
C102410,STAY,STAY,0.84256333,NO,0%
C105200,LEAVE,STAY,0.5623085,NO,0%
C105575,LEAVE,LEAVE,0.19389383,YES,5%
C113116,STAY,STAY,0.98393667,NO,0%
C100890,STAY,STAY,0.9971329,NO,0%
C104665,STAY,STAY,0.9181044,NO,0%
C107940,STAY,STAY,0.99059486,NO,0%
C114937,LEAVE,STAY,0.9844689,NO,0%
C107757,LEAVE,LEAVE,0.04397525,YES,5%
C100188,STAY,STAY,0.98797256,NO,0%
C107240,LEAVE,LEAVE,0.2972279,YES,10%
C112624,STAY,LEAVE,0.15013282,YES,5%
C111704,STAY,STAY,0.9449228,NO,0%
C114514,STAY,LEAVE,0.49872532,YES,10%
C101082,LEAVE,LEAVE,0.35703802,YES,10%
C111816,STAY,STAY,0.84211725,NO,0%
C100430,STAY,STAY,0.8403336,NO,0%
C112577,LEAVE,STAY,0.6069462,NO,0%
C111274,STAY,STAY,0.9869615,NO,0%
C115011,STAY,STAY,0.97964317,NO,0%
C100664,LEAVE,STAY,0.9713887,NO,0%
C112925,LEAVE,LEAVE,0.05305121,YES,5%
C108565,STAY,STAY,0.6202265,NO,0%
C114494,STAY,STAY,0.96678656,NO,0%
C114873,LEAVE,LEAVE,0.05545342,YES,5%
C105412,STAY,LEAVE,0.34822622,YES,10%
C101390,STAY,STAY,0.94104904,NO,0%
C105154,STAY,LEAVE,0.36439767,YES,10%
C107919,STAY,STAY,0.9490695,NO,0%
C112203,STAY,STAY,0.99411654,NO,0%
C107522,LEAVE,LEAVE,0.48465872,YES,10%
C100786,STAY,STAY,0.9834464,NO,0%
C112422,LEAVE,STAY,0.7804744,NO,0%
C106009,LEAVE,LEAVE,0.03018856,YES,5%
C107186,STAY,STAY,0.9115789,NO,0%
C111415,LEAVE,LEAVE,0.47987092,YES,10%
C103261,STAY,STAY,0.88007545,NO,0%
C103406,STAY,STAY,0.99491996,NO,0%
C105161,STAY,LEAVE,0.33309728,YES,10%
C102756,STAY,STAY,0.9651952,NO,0%
C108221,LEAVE,STAY,0.9845552,NO,0%
C100120,STAY,STAY,0.9554893,NO,0%
C102053,STAY,STAY,0.6365148,NO,0%
C115843,LEAVE,LEAVE,0.3997521,YES,10%
C105306,STAY,LEAVE,0.44701937,YES,10%
C114799,STAY,STAY,0.8343962,NO,0%
C102107,STAY,STAY,0.71358633,NO,0%
C103075,LEAVE,STAY,0.98486054,NO,0%
C102540,STAY,LEAVE,0.48837736,YES,10%
C109810,LEAVE,LEAVE,0.41373053,YES,10%
C113991,LEAVE,LEAVE,0.049856044,YES,5%
C114707,STAY,LEAVE,0.20679292,YES,5%
C100465,STAY,LEAVE,0.15595172,YES,5%
C112619,STAY,STAY,0.73018736,NO,0%
C111249,LEAVE,LEAVE,0.49865502,YES,10%
C101513,STAY,STAY,0.9615242,NO,0%
C100635,LEAVE,LEAVE,0.140968,YES,5%
C104232,STAY,STAY,0.84900916,NO,0%
C113695,STAY,STAY,0.86179996,NO,0%
C100405,LEAVE,LEAVE,0.35192376,YES,10%
C101602,STAY,STAY,0.8626868,NO,0%
C110653,STAY,STAY,0.9787481,NO,0%
C103968,LEAVE,STAY,0.9217083,NO,0%
C112426,LEAVE,LEAVE,0.3983292,YES,10%
C110973,LEAVE,LEAVE,0.007258904,YES,5%
C110539,STAY,LEAVE,0.43237457,YES,10%
C111007,STAY,LEAVE,0.4829875,YES,10%
C101195,LEAVE,LEAVE,0.15729113,YES,5%
C109850,STAY,STAY,0.958299,NO,0%
C107957,LEAVE,STAY,0.6172135,NO,0%
C108051,STAY,STAY,0.93885356,NO,0%
C106866,LEAVE,LEAVE,0.107786424,YES,5%
C104222,STAY,STAY,0.8318269,NO,0%
C113100,STAY,STAY,0.9145212,NO,0%
C102436,LEAVE,STAY,0.8024717,NO,0%
C105510,STAY,STAY,0.86909515,NO,0%
C101570,STAY,STAY,0.68694913,NO,0%
C105876,STAY,LEAVE,0.3126837,YES,10%
C109783,STAY,STAY,0.95378524,NO,0%
C115964,STAY,STAY,0.8456665,NO,0%
C104194,STAY,STAY,0.8777942,NO,0%
C115075,STAY,STAY,0.9653116,NO,0%
C113709,LEAVE,LEAVE,0.24857056,YES,5%
C111120,STAY,STAY,0.7969589,NO,0%
C105103,STAY,STAY,0.9688404,NO,0%
C100705,STAY,STAY,0.86692363,NO,0%
C100400,STAY,STAY,0.9894744,NO,0%
C109296,STAY,LEAVE,0.30290917,YES,10%
C105076,LEAVE,LEAVE,0.17213129,YES,5%
C103313,STAY,STAY,0.9853204,NO,0%
C114090,LEAVE,LEAVE,0.02832673,YES,5%
C111371,STAY,LEAVE,0.4200987,YES,10%
C111184,STAY,STAY,0.9822801,NO,0%
C104685,STAY,STAY,0.80063146,NO,0%
C102353,STAY,STAY,0.74610835,NO,0%
C113443,LEAVE,LEAVE,0.045233883,YES,5%
C110535,STAY,LEAVE,0.4722001,YES,10%
C112688,STAY,STAY,0.9193215,NO,0%
C103661,STAY,STAY,0.9375728,NO,0%
C110426,STAY,STAY,0.9600777,NO,0%
C104988,LEAVE,LEAVE,0.44592372,YES,10%
C108547,LEAVE,STAY,0.5294851,NO,0%
C115796,STAY,LEAVE,0.39366254,YES,10%
C100413,STAY,LEAVE,0.28997374,YES,10%
C102397,STAY,STAY,0.9366741,NO,0%
C101671,STAY,STAY,0.5769456,NO,0%
C108550,STAY,STAY,0.6728773,NO,0%
C114729,LEAVE,STAY,0.51085943,NO,0%
C102001,STAY,STAY,0.7988553,NO,0%
C101354,STAY,STAY,0.99990594,NO,0%
C113722,LEAVE,STAY,0.8237596,NO,0%
C112536,STAY,STAY,0.57116,NO,0%
C101554,LEAVE,LEAVE,0.35808653,YES,10%
C113524,STAY,STAY,0.892129,NO,0%
C110373,STAY,STAY,0.87725097,NO,0%
C115615,STAY,STAY,0.95152974,NO,0%
C104677,STAY,STAY,0.9562464,NO,0%
C113848,LEAVE,LEAVE,0.31719428,YES,10%
C107220,STAY,STAY,0.9919802,NO,0%
C113729,LEAVE,STAY,0.9837398,NO,0%
C103567,LEAVE,STAY,0.5192481,NO,0%
C106614,STAY,STAY,0.93109655,NO,0%
C104661,LEAVE,LEAVE,0.31990665,YES,10%
C105743,STAY,STAY,0.8722869,NO,0%
C103502,STAY,STAY,0.9574927,NO,0%
C111254,STAY,STAY,0.7716191,NO,0%
C115510,STAY,STAY,0.731199,NO,0%
C108091,LEAVE,LEAVE,0.17533167,YES,5%
C108451,STAY,STAY,0.873536,NO,0%
C114686,STAY,STAY,0.9767543,NO,0%
C108874,LEAVE,LEAVE,0.019657526,YES,5%
C103562,LEAVE,LEAVE,0.019439466,YES,5%
C111176,LEAVE,STAY,0.96672595,NO,0%
C107538,STAY,LEAVE,0.3707978,YES,10%
C101610,STAY,STAY,0.95966065,NO,0%
C105826,STAY,STAY,0.8885114,NO,0%
C101251,STAY,STAY,0.92251736,NO,0%
C107770,STAY,STAY,0.9373431,NO,0%
C103408,LEAVE,STAY,0.61963063,NO,0%
C101071,STAY,STAY,0.98286474,NO,0%
C109113,STAY,LEAVE,0.48877588,YES,10%
C108003,STAY,STAY,0.73782533,NO,0%
C113108,STAY,STAY,0.7900752,NO,0%
C101976,STAY,STAY,0.980739,NO,0%
C110377,LEAVE,LEAVE,0.10465026,YES,5%
C105080,STAY,STAY,0.89373773,NO,0%
C104039,STAY,STAY,0.70115787,NO,0%
C107056,STAY,STAY,0.9747834,NO,0%
C100788,STAY,STAY,0.94016665,NO,0%
C104828,STAY,STAY,0.7454891,NO,0%
C112041,LEAVE,LEAVE,0.07102849,YES,5%
C114352,STAY,STAY,0.7571082,NO,0%
C111023,STAY,STAY,0.96966225,NO,0%
C102628,STAY,STAY,0.98375374,NO,0%
C101418,LEAVE,LEAVE,0.007535493,YES,5%
C108047,LEAVE,LEAVE,0.22671619,YES,5%
C109098,STAY,STAY,0.81380534,NO,0%
C107290,STAY,STAY,0.9659149,NO,0%
C101973,STAY,STAY,0.93220234,NO,0%
C103188,STAY,STAY,0.9592311,NO,0%
C104315,STAY,STAY,0.92387587,NO,0%
C105787,STAY,STAY,0.9393595,NO,0%
C101989,STAY,STAY,0.9687599,NO,0%
C115795,STAY,STAY,0.9343488,NO,0%
C105232,STAY,STAY,0.85104835,NO,0%
C114559,LEAVE,LEAVE,0.41529277,YES,10%
C109537,LEAVE,STAY,0.8405073,NO,0%
C112116,STAY,STAY,0.802236,NO,0%
C115946,STAY,STAY,0.78233993,NO,0%
C108816,LEAVE,LEAVE,0.45984083,YES,10%
C105892,STAY,LEAVE,0.22017092,YES,5%
C106083,LEAVE,STAY,0.51129216,NO,0%
C112486,LEAVE,STAY,0.6375146,NO,0%
C111271,STAY,STAY,0.98804295,NO,0%
C110247,STAY,STAY,0.8295911,NO,0%
C110106,STAY,STAY,0.9986914,NO,0%
C111294,STAY,STAY,0.8273235,NO,0%
C112695,LEAVE,STAY,0.85865927,NO,0%
C113295,STAY,STAY,0.93738323,NO,0%
C100121,LEAVE,STAY,0.847956,NO,0%
C108947,LEAVE,STAY,0.8870001,NO,0%
C109072,LEAVE,LEAVE,0.18854514,YES,5%
C107434,LEAVE,STAY,0.5993498,NO,0%
C100469,LEAVE,STAY,0.55103964,NO,0%
C110725,STAY,STAY,0.94153523,NO,0%
C101941,LEAVE,LEAVE,0.15447177,YES,5%
C114356,LEAVE,LEAVE,0.018812994,YES,5%
C104426,STAY,STAY,0.943709,NO,0%
C104774,STAY,STAY,0.9947708,NO,0%
C103294,STAY,STAY,0.88458735,NO,0%
C108292,STAY,STAY,0.9888508,NO,0%
C113070,STAY,LEAVE,0.46877196,YES,10%
C108355,LEAVE,STAY,0.815321,NO,0%
C102018,LEAVE,LEAVE,0.30545142,YES,10%
C112226,STAY,STAY,0.66387874,NO,0%
C114465,LEAVE,STAY,0.79118747,NO,0%
C100670,STAY,STAY,0.98763007,NO,0%
C101152,LEAVE,STAY,0.9865053,NO,0%
C113509,STAY,STAY,0.91603523,NO,0%
C112773,LEAVE,STAY,0.6405094,NO,0%
C110521,LEAVE,LEAVE,0.4804067,YES,10%
C106641,LEAVE,LEAVE,0.14656937,YES,5%
C104083,STAY,STAY,0.70313746,NO,0%
C106211,LEAVE,LEAVE,0.369216,YES,10%
C104297,STAY,STAY,0.9934136,NO,0%
C103243,STAY,STAY,0.8881183,NO,0%
C101657,STAY,STAY,0.7415516,NO,0%
C100045,STAY,STAY,0.9413441,NO,0%
C108694,STAY,STAY,0.8920681,NO,0%
C108165,STAY,LEAVE,0.3613069,YES,10%
C103865,STAY,STAY,0.9851457,NO,0%
C110946,LEAVE,LEAVE,0.3019576,YES,10%
C102734,LEAVE,LEAVE,0.22133376,YES,5%
C104778,LEAVE,STAY,0.5401066,NO,0%
C112320,STAY,STAY,0.8495781,NO,0%
C107262,STAY,STAY,0.98045015,NO,0%
C113860,STAY,STAY,0.9607282,NO,0%
C111757,LEAVE,STAY,0.7084107,NO,0%
C113039,STAY,LEAVE,0.39089733,YES,10%
C110250,STAY,LEAVE,0.48480493,YES,10%
C114246,STAY,STAY,0.5373704,NO,0%
C102808,LEAVE,LEAVE,0.29257601,YES,10%
C106567,STAY,STAY,0.78401417,NO,0%
C113006,STAY,STAY,0.99798536,NO,0%
C100519,STAY,STAY,0.97909707,NO,0%
C112749,STAY,STAY,0.9717135,NO,0%
C113725,STAY,STAY,0.8965943,NO,0%
C114990,STAY,STAY,0.99603313,NO,0%
C112526,STAY,STAY,0.9850957,NO,0%
C112770,LEAVE,STAY,0.90852207,NO,0%
C102078,STAY,STAY,0.70686024,NO,0%
C113281,LEAVE,STAY,0.732015,NO,0%
C115641,LEAVE,STAY,0.9535812,NO,0%
C102773,STAY,STAY,0.9112057,NO,0%
C101670,STAY,STAY,0.85898024,NO,0%
C113130,LEAVE,STAY,0.7710095,NO,0%
C112632,LEAVE,STAY,0.98939276,NO,0%
C101683,STAY,LEAVE,0.117294736,YES,5%
C104117,LEAVE,LEAVE,0.35647368,YES,10%
C113020,STAY,STAY,0.79259855,NO,0%
C110989,STAY,STAY,0.96418756,NO,0%
C106593,STAY,LEAVE,0.3086119,YES,10%
C115545,STAY,STAY,0.9748276,NO,0%
C111037,STAY,STAY,0.92710835,NO,0%
C106241,LEAVE,LEAVE,0.277704,YES,10%
C107520,STAY,LEAVE,0.47076443,YES,10%
C113667,STAY,LEAVE,0.13348483,YES,5%
C107581,LEAVE,LEAVE,0.40321434,YES,10%
C106417,STAY,STAY,0.88240963,NO,0%
C109117,LEAVE,STAY,0.7413446,NO,0%
C113092,STAY,STAY,0.9414641,NO,0%
C100435,LEAVE,STAY,0.6006863,NO,0%
C106399,STAY,STAY,0.99892586,NO,0%
C102772,LEAVE,LEAVE,0.23974898,YES,5%
C108234,LEAVE,LEAVE,0.2218163,YES,5%
C112529,LEAVE,STAY,0.5118753,NO,0%
C104155,STAY,LEAVE,0.115939155,YES,5%
C103054,LEAVE,LEAVE,0.4606111,YES,10%
C107950,LEAVE,LEAVE,0.0900619,YES,5%
C111307,STAY,LEAVE,0.37061113,YES,10%
C103909,STAY,STAY,0.6760808,NO,0%
C109045,STAY,STAY,0.9873225,NO,0%
C103218,STAY,LEAVE,0.21760856,YES,5%
C106897,STAY,STAY,0.808428,NO,0%
C102504,STAY,STAY,0.52470356,NO,0%
C101498,STAY,STAY,0.9240523,NO,0%
C102364,LEAVE,LEAVE,0.09213747,YES,5%
C102477,LEAVE,STAY,0.5886407,NO,0%
C107058,STAY,LEAVE,0.32456288,YES,10%
C106321,LEAVE,LEAVE,0.07414322,YES,5%
C108533,STAY,STAY,0.9515063,NO,0%
C104981,STAY,STAY,0.95369416,NO,0%
C102880,LEAVE,STAY,0.9127731,NO,0%
C109028,STAY,STAY,0.8920015,NO,0%
C105655,LEAVE,STAY,0.74787605,NO,0%
C103167,LEAVE,LEAVE,0.34580716,YES,10%
C113031,STAY,STAY,0.6906348,NO,0%
C115440,LEAVE,LEAVE,0.13623793,YES,5%
C114463,STAY,LEAVE,0.411126,YES,10%
C114685,STAY,STAY,0.9784854,NO,0%
C108974,STAY,STAY,0.7780708,NO,0%
C114542,STAY,STAY,0.96477735,NO,0%
C111734,STAY,STAY,0.9346633,NO,0%
C101001,STAY,STAY,0.987007,NO,0%
C113994,STAY,STAY,0.8653952,NO,0%
C101311,STAY,STAY,0.94418365,NO,0%
C109193,LEAVE,LEAVE,0.1377051,YES,5%
C101518,STAY,STAY,0.9628712,NO,0%
C106856,STAY,STAY,0.79937387,NO,0%
C109650,STAY,STAY,0.9009092,NO,0%
C104410,STAY,STAY,0.9738522,NO,0%
C102329,LEAVE,STAY,0.70820475,NO,0%
C105890,LEAVE,LEAVE,0.05542164,YES,5%
C102434,LEAVE,LEAVE,0.1353609,YES,5%
C105765,STAY,STAY,0.9907479,NO,0%
C103884,STAY,STAY,0.9524278,NO,0%
C101236,STAY,STAY,0.9666177,NO,0%
C114123,LEAVE,STAY,0.96380657,NO,0%
C108024,LEAVE,LEAVE,0.13971944,YES,5%
C111313,STAY,STAY,0.66902083,NO,0%
C105972,LEAVE,STAY,0.58480483,NO,0%
C108342,LEAVE,LEAVE,0.11387816,YES,5%
C106970,STAY,STAY,0.90354776,NO,0%
C113940,STAY,STAY,0.97766054,NO,0%
C112245,LEAVE,STAY,0.6354437,NO,0%
C106377,LEAVE,LEAVE,0.01293591,YES,5%
C113594,STAY,STAY,0.82230437,NO,0%
C112754,LEAVE,STAY,0.9402882,NO,0%
C109015,STAY,STAY,0.8942261,NO,0%
C113415,STAY,STAY,0.50419873,NO,0%
C100747,STAY,STAY,0.72406065,NO,0%
C107582,STAY,STAY,0.9997819,NO,0%
C103173,LEAVE,STAY,0.58711296,NO,0%
C108657,STAY,STAY,0.9739397,NO,0%
C103177,STAY,STAY,0.9075137,NO,0%
C110145,LEAVE,LEAVE,0.41428137,YES,10%
C103975,LEAVE,LEAVE,0.019738102,YES,5%
C114067,STAY,LEAVE,0.13675016,YES,5%
C111798,LEAVE,STAY,0.9301786,NO,0%
C107615,STAY,LEAVE,0.17434295,YES,5%
C101654,STAY,STAY,0.7629101,NO,0%
C104400,STAY,STAY,0.9102998,NO,0%
C114693,STAY,STAY,0.8976403,NO,0%
C104291,STAY,STAY,0.68694174,NO,0%
C109448,STAY,STAY,0.93027204,NO,0%
C101334,STAY,STAY,0.7877166,NO,0%
C106276,LEAVE,STAY,0.656187,NO,0%
C113302,LEAVE,LEAVE,0.25342128,YES,10%
C101026,STAY,STAY,0.9737124,NO,0%
C105996,STAY,STAY,0.5916284,NO,0%
C101664,STAY,STAY,0.9768812,NO,0%
C112990,STAY,LEAVE,0.46132421,YES,10%
C111354,LEAVE,STAY,0.96937907,NO,0%
C114988,STAY,STAY,0.9245396,NO,0%
C113467,LEAVE,LEAVE,0.021491995,YES,5%
C105293,STAY,STAY,0.7660231,NO,0%
C108786,STAY,LEAVE,0.36169705,YES,10%
C115861,STAY,STAY,0.75374687,NO,0%
C115061,LEAVE,LEAVE,0.085314736,YES,5%
C112457,STAY,STAY,0.95679724,NO,0%
C107517,LEAVE,LEAVE,0.429224,YES,10%
C105402,LEAVE,LEAVE,0.1557639,YES,5%
C111737,STAY,STAY,0.8868204,NO,0%
C100759,STAY,STAY,0.9540984,NO,0%
C101694,STAY,STAY,0.5256752,NO,0%
C104839,LEAVE,LEAVE,0.31258327,YES,10%
C108899,STAY,STAY,0.91813004,NO,0%
C100180,STAY,STAY,0.99532026,NO,0%
C105860,LEAVE,STAY,0.699961,NO,0%
C107264,LEAVE,LEAVE,0.15107736,YES,5%
C103417,STAY,STAY,0.95728207,NO,0%
C112572,LEAVE,LEAVE,0.09513303,YES,5%
C106598,STAY,STAY,0.9728002,NO,0%
C109902,STAY,STAY,0.7633206,NO,0%
C105557,STAY,STAY,0.7627489,NO,0%
C112765,STAY,STAY,0.95079106,NO,0%
C109824,STAY,STAY,0.7742314,NO,0%
C105788,STAY,LEAVE,0.1416576,YES,5%
C104590,STAY,STAY,0.9559943,NO,0%
C108770,STAY,STAY,0.99282646,NO,0%
C115720,LEAVE,LEAVE,0.04454337,YES,5%
C107642,STAY,STAY,0.9948826,NO,0%
C104019,LEAVE,LEAVE,0.48059556,YES,10%
C107260,STAY,STAY,0.5274521,NO,0%
C109309,STAY,STAY,0.59744084,NO,0%
C105977,STAY,STAY,0.9960024,NO,0%
C106231,STAY,STAY,0.87447536,NO,0%
C110752,STAY,STAY,0.86300075,NO,0%
C109290,STAY,STAY,0.9575276,NO,0%
C114671,STAY,STAY,0.7715723,NO,0%
C100407,LEAVE,LEAVE,0.16745257,YES,5%
C106481,STAY,STAY,0.7467827,NO,0%
C115627,STAY,STAY,0.9375942,NO,0%
C105213,STAY,STAY,0.52476466,NO,0%
C115710,STAY,STAY,0.8826105,NO,0%
C113402,LEAVE,STAY,0.69196826,NO,0%
C100395,STAY,LEAVE,0.3763487,YES,10%
C100289,LEAVE,LEAVE,0.3990644,YES,10%
C109834,STAY,STAY,0.7520705,NO,0%
C108079,LEAVE,LEAVE,0.1469499,YES,5%
C101804,STAY,STAY,0.8695727,NO,0%
C109223,STAY,STAY,0.9700145,NO,0%
C106398,LEAVE,STAY,0.7990102,NO,0%
C108458,STAY,STAY,0.98198974,NO,0%
C107530,STAY,STAY,0.8635617,NO,0%
C113261,STAY,STAY,0.983293,NO,0%
C108641,STAY,STAY,0.8875859,NO,0%
C107099,LEAVE,LEAVE,0.094134554,YES,5%
C114503,STAY,STAY,0.8521093,NO,0%
C111771,STAY,STAY,0.98222566,NO,0%
C100769,STAY,STAY,0.9884263,NO,0%
C103499,LEAVE,LEAVE,0.41655493,YES,10%
C107980,LEAVE,LEAVE,0.32042024,YES,10%
C100954,STAY,STAY,0.9694494,NO,0%
C110213,LEAVE,LEAVE,0.16235504,YES,5%
C111857,LEAVE,STAY,0.70525193,NO,0%
C111448,STAY,STAY,0.8285656,NO,0%
C109560,LEAVE,LEAVE,0.1916016,YES,5%
C104376,STAY,STAY,0.9938923,NO,0%
C106572,LEAVE,LEAVE,0.018211963,YES,5%
C108677,STAY,STAY,0.9858176,NO,0%
C114162,STAY,STAY,0.5113362,NO,0%
C104717,LEAVE,LEAVE,0.40084866,YES,10%
C106870,STAY,LEAVE,0.49539116,YES,10%
C114846,STAY,STAY,0.9776815,NO,0%
C104541,LEAVE,LEAVE,0.19760984,YES,5%
C114486,LEAVE,LEAVE,0.41424063,YES,10%
C115150,LEAVE,STAY,0.78657734,NO,0%
C104251,STAY,STAY,0.93334115,NO,0%
C106447,STAY,STAY,0.8084338,NO,0%
C111296,STAY,STAY,0.9048894,NO,0%
C113527,STAY,STAY,0.99265903,NO,0%
C106284,STAY,STAY,0.62524164,NO,0%
C108348,STAY,LEAVE,0.21084566,YES,5%
C102016,STAY,STAY,0.7914365,NO,0%
C102951,LEAVE,LEAVE,0.08115915,YES,5%
C104052,LEAVE,STAY,0.7933525,NO,0%
C109759,LEAVE,LEAVE,0.07717473,YES,5%
C106236,STAY,STAY,0.55889237,NO,0%
C103771,STAY,STAY,0.8829502,NO,0%
C114774,STAY,STAY,0.58796924,NO,0%
C109921,LEAVE,LEAVE,0.2956716,YES,10%
C108243,LEAVE,LEAVE,0.20699082,YES,5%
C107917,LEAVE,LEAVE,0.016302593,YES,5%
C109982,STAY,STAY,0.76494855,NO,0%
C105651,STAY,STAY,0.74365515,NO,0%
C108643,STAY,STAY,0.7343418,NO,0%
C101772,STAY,STAY,0.96802485,NO,0%
C113864,LEAVE,STAY,0.6596614,NO,0%
C115455,LEAVE,STAY,0.60028476,NO,0%
C101831,STAY,STAY,0.93787664,NO,0%
C111199,STAY,STAY,0.96942455,NO,0%
C105573,STAY,STAY,0.9832925,NO,0%
C109513,STAY,STAY,0.8039246,NO,0%
C106599,STAY,LEAVE,0.45650142,YES,10%
C109823,STAY,STAY,0.74878734,NO,0%
C102886,LEAVE,LEAVE,0.46844032,YES,10%
C102396,LEAVE,LEAVE,0.45040056,YES,10%
C104618,LEAVE,LEAVE,0.18323836,YES,5%
C115339,STAY,STAY,0.9981205,NO,0%
C103345,LEAVE,LEAVE,0.07940596,YES,5%
C110345,STAY,LEAVE,0.27509108,YES,10%
C110619,LEAVE,LEAVE,0.20661983,YES,5%
C110232,LEAVE,STAY,0.7047828,NO,0%
C113965,LEAVE,LEAVE,0.07846922,YES,5%
C102784,LEAVE,LEAVE,0.36506906,YES,10%
C112885,LEAVE,LEAVE,0.20304261,YES,5%
C113914,STAY,STAY,0.79081744,NO,0%
C112220,LEAVE,STAY,0.67214054,NO,0%
C115079,STAY,STAY,0.75824356,NO,0%
C100658,STAY,LEAVE,0.27425453,YES,10%
C102676,STAY,STAY,0.9319701,NO,0%
C102450,LEAVE,LEAVE,0.36498386,YES,10%
C107788,STAY,STAY,0.96251535,NO,0%
C110639,STAY,STAY,0.86958534,NO,0%
C106404,STAY,STAY,0.9850471,NO,0%
C102948,STAY,STAY,0.9882984,NO,0%
C100153,STAY,STAY,0.9819847,NO,0%
C112787,STAY,STAY,0.98057693,NO,0%
C109440,STAY,STAY,0.6419172,NO,0%
C100821,STAY,STAY,0.99848133,NO,0%
C112253,STAY,LEAVE,0.15653214,YES,5%
C114155,STAY,STAY,0.8448475,NO,0%
C103812,STAY,STAY,0.95427287,NO,0%
C105033,LEAVE,LEAVE,0.10705648,YES,5%
C109268,STAY,STAY,0.7704806,NO,0%
C105375,LEAVE,LEAVE,0.095685706,YES,5%
C114392,STAY,STAY,0.8371739,NO,0%
C112813,STAY,STAY,0.9907672,NO,0%
C102057,LEAVE,STAY,0.5167384,NO,0%
C101118,LEAVE,LEAVE,0.015968485,YES,5%
C113548,STAY,STAY,0.5568084,NO,0%
C115501,STAY,STAY,0.9692041,NO,0%
C107848,STAY,LEAVE,0.4604823,YES,10%
C103913,STAY,STAY,0.75323874,NO,0%
C114751,LEAVE,LEAVE,0.11697007,YES,5%
C113354,LEAVE,LEAVE,0.1507672,YES,5%
C106971,STAY,LEAVE,0.06065613,YES,5%
C103715,LEAVE,STAY,0.86491424,NO,0%
C106357,STAY,STAY,0.96806717,NO,0%
C105424,STAY,STAY,0.92762023,NO,0%
C112610,LEAVE,LEAVE,0.40075782,YES,10%
C112985,LEAVE,LEAVE,0.06663461,YES,5%
C114038,STAY,STAY,0.7424646,NO,0%
C112686,STAY,STAY,0.99570954,NO,0%
C108278,STAY,STAY,0.98434365,NO,0%
C103199,LEAVE,STAY,0.6679171,NO,0%
C114119,LEAVE,LEAVE,0.026647534,YES,5%
C104886,STAY,STAY,0.9876797,NO,0%
C113072,STAY,STAY,0.987616,NO,0%
C113470,STAY,STAY,0.9719131,NO,0%
C111133,STAY,STAY,0.995695,NO,0%
C113794,LEAVE,LEAVE,0.11006513,YES,5%
C103474,LEAVE,STAY,0.57630014,NO,0%
C100043,LEAVE,LEAVE,0.037838947,YES,5%
C115776,LEAVE,STAY,0.7554532,NO,0%
C105467,LEAVE,LEAVE,0.036033094,YES,5%
C114244,LEAVE,STAY,0.98323786,NO,0%
C110774,STAY,STAY,0.8174676,NO,0%
C112645,LEAVE,LEAVE,0.06919883,YES,5%
C100656,STAY,STAY,0.56651443,NO,0%
C112535,STAY,STAY,0.98042285,NO,0%
C105774,STAY,STAY,0.98098916,NO,0%
C102252,STAY,STAY,0.912926,NO,0%
C100791,STAY,STAY,0.9571703,NO,0%
C108589,STAY,STAY,0.8866175,NO,0%
C107151,STAY,STAY,0.86777526,NO,0%
C108790,STAY,STAY,0.9994332,NO,0%
C109219,STAY,STAY,0.83849186,NO,0%
C101749,LEAVE,LEAVE,0.078589015,YES,5%
C100305,STAY,LEAVE,0.13541251,YES,5%
C106972,LEAVE,LEAVE,0.006480221,YES,5%
C102056,LEAVE,STAY,0.9130431,NO,0%
C114187,STAY,STAY,0.97607034,NO,0%
C100437,STAY,STAY,0.86666685,NO,0%
C100155,LEAVE,LEAVE,0.38005522,YES,10%
C103514,STAY,LEAVE,0.49382877,YES,10%
C105218,STAY,STAY,0.9738303,NO,0%
C106420,LEAVE,LEAVE,0.41421977,YES,10%
C103192,STAY,STAY,0.8582893,NO,0%
C105586,STAY,STAY,0.9557878,NO,0%
C104584,STAY,LEAVE,0.19952197,YES,5%
C105506,STAY,STAY,0.58040345,NO,0%
C106931,LEAVE,LEAVE,0.05037546,YES,5%
C111620,STAY,LEAVE,0.49962774,YES,10%
C111682,STAY,STAY,0.90234435,NO,0%
C103007,STAY,STAY,0.9586102,NO,0%
C101521,LEAVE,LEAVE,0.3610581,YES,10%
C111347,STAY,LEAVE,0.20256682,YES,5%
C112472,STAY,STAY,0.7043095,NO,0%
C105007,STAY,STAY,0.98305386,NO,0%
C106478,LEAVE,STAY,0.70521736,NO,0%
C104186,STAY,STAY,0.8321923,NO,0%
C113542,STAY,STAY,0.730232,NO,0%
C114424,LEAVE,LEAVE,0.18368575,YES,5%
C112993,STAY,STAY,0.9837106,NO,0%
C112609,STAY,STAY,0.97444385,NO,0%
C115403,LEAVE,LEAVE,0.47373375,YES,10%
C106793,LEAVE,STAY,0.7032014,NO,0%
C105880,STAY,STAY,0.9668364,NO,0%
C109178,LEAVE,LEAVE,0.4641667,YES,10%
C110222,LEAVE,STAY,0.78756607,NO,0%
C109947,STAY,STAY,0.93447083,NO,0%
C106632,LEAVE,LEAVE,0.039493434,YES,5%
C111474,STAY,STAY,0.5581908,NO,0%
C108914,STAY,STAY,0.87190276,NO,0%
C101357,STAY,STAY,0.92026407,NO,0%
C108660,STAY,LEAVE,0.34387088,YES,10%
C114563,LEAVE,STAY,0.5860656,NO,0%
C107854,LEAVE,STAY,0.68350136,NO,0%
C107031,LEAVE,LEAVE,0.12065809,YES,5%
C109406,LEAVE,STAY,0.7832523,NO,0%
C106828,LEAVE,LEAVE,0.21279667,YES,5%
C102046,LEAVE,LEAVE,0.22690251,YES,5%
C104840,LEAVE,LEAVE,0.04071231,YES,5%
C105916,STAY,STAY,0.9331126,NO,0%
C109188,STAY,STAY,0.8686435,NO,0%
C112792,LEAVE,LEAVE,0.26733327,YES,10%
C107445,LEAVE,LEAVE,0.49216813,YES,10%
C101942,STAY,STAY,0.5755731,NO,0%
C104899,STAY,STAY,0.8987862,NO,0%
C100803,LEAVE,LEAVE,0.4354382,YES,10%
C114973,STAY,STAY,0.8588314,NO,0%
C102609,STAY,STAY,0.98062515,NO,0%
C103144,STAY,STAY,0.81886464,NO,0%
C103669,LEAVE,LEAVE,0.46093062,YES,10%
C113537,STAY,STAY,0.9985197,NO,0%
C100569,STAY,STAY,0.9499226,NO,0%
C101856,LEAVE,LEAVE,0.39155075,YES,10%
C101085,LEAVE,LEAVE,0.2698138,YES,10%
C104184,STAY,STAY,0.90323025,NO,0%
C108473,STAY,STAY,0.8216672,NO,0%
C111172,STAY,LEAVE,0.082059,YES,5%
C100016,STAY,STAY,0.98657155,NO,0%
C103282,LEAVE,LEAVE,0.0895027,YES,5%
C102641,STAY,STAY,0.94592065,NO,0%
C105733,STAY,STAY,0.67662877,NO,0%
C112971,STAY,LEAVE,0.3416999,YES,10%
C101707,LEAVE,LEAVE,0.44082147,YES,10%
C114594,STAY,STAY,0.99868685,NO,0%
C107599,STAY,LEAVE,0.15371299,YES,5%
C101006,STAY,LEAVE,0.20743522,YES,5%
C109504,LEAVE,STAY,0.72559285,NO,0%
C104616,STAY,STAY,0.9977302,NO,0%
C115394,LEAVE,STAY,0.65760636,NO,0%
C110109,LEAVE,LEAVE,0.30120477,YES,10%
C114479,LEAVE,LEAVE,0.021358306,YES,5%
C101030,LEAVE,STAY,0.97038245,NO,0%
C101029,STAY,STAY,0.9767601,NO,0%
C108989,STAY,LEAVE,0.4138975,YES,10%
C109729,STAY,STAY,0.8764362,NO,0%
C109059,LEAVE,LEAVE,0.07955874,YES,5%
C112385,LEAVE,LEAVE,0.3926837,YES,10%
C100136,LEAVE,LEAVE,0.22571506,YES,5%
C105044,STAY,LEAVE,0.37297052,YES,10%
C106633,STAY,STAY,0.9676501,NO,0%
C102074,LEAVE,STAY,0.69771516,NO,0%
C101272,LEAVE,LEAVE,0.08875342,YES,5%
C112062,LEAVE,LEAVE,0.38244238,YES,10%
C104536,LEAVE,LEAVE,0.0212953,YES,5%
C113761,STAY,STAY,0.97896385,NO,0%
C101906,STAY,STAY,0.97784483,NO,0%
C100701,LEAVE,STAY,0.7536897,NO,0%
C112240,LEAVE,LEAVE,0.45136648,YES,10%
C105814,LEAVE,STAY,0.96942925,NO,0%
C100110,STAY,LEAVE,0.06553432,YES,5%
C104323,STAY,STAY,0.8194547,NO,0%
C104631,LEAVE,STAY,0.51280344,NO,0%
C108662,STAY,STAY,0.9705272,NO,0%
C110758,STAY,LEAVE,0.36733347,YES,10%
C101690,LEAVE,LEAVE,0.38658994,YES,10%
C115914,LEAVE,LEAVE,0.11014601,YES,5%
C101646,STAY,STAY,0.8873405,NO,0%
C107177,LEAVE,STAY,0.72643685,NO,0%
C113961,STAY,STAY,0.524033,NO,0%
C113605,LEAVE,LEAVE,0.4296079,YES,10%
C101672,STAY,STAY,0.9972519,NO,0%
C113785,STAY,STAY,0.8233064,NO,0%
C107907,STAY,STAY,0.9424138,NO,0%
C106824,STAY,STAY,0.59648395,NO,0%
C106874,LEAVE,LEAVE,0.43556648,YES,10%
C101933,STAY,STAY,0.99914336,NO,0%
C110660,STAY,STAY,0.99483806,NO,0%
C101934,STAY,STAY,0.99517447,NO,0%
C109262,LEAVE,LEAVE,0.24908112,YES,5%
C103120,STAY,STAY,0.77539885,NO,0%
C108094,LEAVE,STAY,0.5746214,NO,0%
C100398,STAY,STAY,0.5450114,NO,0%
C114170,STAY,STAY,0.9347395,NO,0%
C108069,LEAVE,LEAVE,0.18119988,YES,5%
C103375,STAY,STAY,0.53946626,NO,0%
C104666,LEAVE,LEAVE,0.09258834,YES,5%
C110220,STAY,STAY,0.86924535,NO,0%
C112949,STAY,STAY,0.5517153,NO,0%
C113471,STAY,LEAVE,0.20451763,YES,5%
C107355,STAY,STAY,0.70953065,NO,0%
C110445,STAY,STAY,0.9367244,NO,0%
C100539,LEAVE,LEAVE,0.1969871,YES,5%
C101173,STAY,LEAVE,0.39161348,YES,10%
C103583,LEAVE,LEAVE,0.40693048,YES,10%
C104836,LEAVE,STAY,0.8283911,NO,0%
C108250,STAY,STAY,0.99993384,NO,0%
C105617,STAY,STAY,0.75440574,NO,0%
C109503,LEAVE,LEAVE,0.332115,YES,10%
C108725,LEAVE,STAY,0.7085997,NO,0%
C107383,STAY,STAY,0.5309142,NO,0%
C111558,STAY,STAY,0.91177636,NO,0%
C112879,STAY,LEAVE,0.26389322,YES,10%
C101553,LEAVE,LEAVE,0.14937922,YES,5%
C107989,LEAVE,LEAVE,0.11019357,YES,5%
C115686,LEAVE,STAY,0.7211316,NO,0%
C112864,STAY,LEAVE,0.3166703,YES,10%
C110782,STAY,STAY,0.67913985,NO,0%
C102850,STAY,STAY,0.9967135,NO,0%
C114657,LEAVE,LEAVE,0.2923924,YES,10%
C104713,LEAVE,LEAVE,0.11885593,YES,5%
C115375,LEAVE,LEAVE,0.15394117,YES,5%
C105052,STAY,STAY,0.91283095,NO,0%
C100373,LEAVE,STAY,0.7617151,NO,0%
C105724,STAY,STAY,0.8449623,NO,0%
C112662,LEAVE,STAY,0.8992215,NO,0%
C104109,LEAVE,LEAVE,0.24236967,YES,5%
C114808,STAY,STAY,0.99059474,NO,0%
C108418,STAY,STAY,0.6284785,NO,0%
C115229,LEAVE,STAY,0.8320704,NO,0%
C104085,STAY,STAY,0.6876866,NO,0%
C109062,STAY,STAY,0.92393255,NO,0%
C106565,LEAVE,LEAVE,0.14973931,YES,5%
C107375,STAY,STAY,0.934186,NO,0%
C105294,LEAVE,LEAVE,0.46322095,YES,10%
C109076,LEAVE,LEAVE,0.08447702,YES,5%
C107835,STAY,STAY,0.96030223,NO,0%
C103093,STAY,STAY,0.9114041,NO,0%
C103142,LEAVE,LEAVE,0.10342179,YES,5%
C114661,LEAVE,LEAVE,0.008329628,YES,5%
C112693,LEAVE,LEAVE,0.120359026,YES,5%
C107763,STAY,LEAVE,0.21279062,YES,5%
C112643,STAY,STAY,0.71957266,NO,0%
C100581,LEAVE,LEAVE,0.2093009,YES,5%
C110157,STAY,STAY,0.91232216,NO,0%
C109456,STAY,STAY,0.9939991,NO,0%
C115205,LEAVE,LEAVE,0.16971588,YES,5%
C110443,LEAVE,STAY,0.6409192,NO,0%
C100869,STAY,STAY,0.791392,NO,0%
C112166,STAY,STAY,0.7521998,NO,0%
C102414,LEAVE,STAY,0.84061223,NO,0%
C112138,LEAVE,STAY,0.72752464,NO,0%
C104593,STAY,STAY,0.9820098,NO,0%
C106740,LEAVE,LEAVE,0.0386783,YES,5%
C112083,STAY,STAY,0.99756575,NO,0%
C105206,LEAVE,LEAVE,0.27030239,YES,10%
C115908,LEAVE,LEAVE,0.39741316,YES,10%
C107374,LEAVE,STAY,0.6075766,NO,0%
C109337,STAY,STAY,0.72530264,NO,0%
C106057,LEAVE,STAY,0.73316705,NO,0%
C113830,STAY,LEAVE,0.3951,YES,10%
C107203,LEAVE,LEAVE,0.069187224,YES,5%
C113451,LEAVE,STAY,0.51826006,NO,0%
C111242,STAY,STAY,0.9906758,NO,0%
C107898,STAY,STAY,0.54636395,NO,0%
C115212,STAY,STAY,0.96847534,NO,0%
C100014,LEAVE,LEAVE,0.05051013,YES,5%
C105165,LEAVE,LEAVE,0.38360196,YES,10%
C100661,LEAVE,LEAVE,0.4379741,YES,10%
C112326,LEAVE,LEAVE,0.09401743,YES,5%
C110895,STAY,STAY,0.94657177,NO,0%
C112479,STAY,STAY,0.59395164,NO,0%
C115772,LEAVE,STAY,0.51716304,NO,0%
C101292,STAY,STAY,0.967188,NO,0%
C101667,LEAVE,STAY,0.9576463,NO,0%
C112212,STAY,STAY,0.9946061,NO,0%
C106980,LEAVE,LEAVE,0.1083687,YES,5%
C107106,STAY,STAY,0.7541233,NO,0%
C113893,STAY,STAY,0.9993598,NO,0%
C104989,LEAVE,LEAVE,0.064821586,YES,5%
C114181,STAY,STAY,0.97169626,NO,0%
C109495,LEAVE,LEAVE,0.30572933,YES,10%
C112398,LEAVE,STAY,0.5734212,NO,0%
C101217,STAY,STAY,0.976943,NO,0%
C108887,LEAVE,STAY,0.7677825,NO,0%
C102122,STAY,STAY,0.887066,NO,0%
C104277,STAY,STAY,0.63896704,NO,0%
C105583,STAY,STAY,0.93422043,NO,0%
C103628,LEAVE,LEAVE,0.024573693,YES,5%
C111826,STAY,STAY,0.858223,NO,0%
C109665,LEAVE,STAY,0.9873258,NO,0%
C103477,LEAVE,LEAVE,0.12931459,YES,5%
C106715,STAY,STAY,0.9622761,NO,0%
C115592,STAY,LEAVE,0.4204311,YES,10%
C101350,STAY,STAY,0.597085,NO,0%
C101113,LEAVE,LEAVE,0.40101722,YES,10%
C111289,STAY,STAY,0.89296937,NO,0%
C101021,LEAVE,LEAVE,0.0052861734,YES,5%
C108995,LEAVE,LEAVE,0.21516573,YES,5%
C103924,LEAVE,STAY,0.6227196,NO,0%
C114792,STAY,STAY,0.9894483,NO,0%
C107291,STAY,STAY,0.89190537,NO,0%
C113235,STAY,STAY,0.62720656,NO,0%
C104957,STAY,LEAVE,0.36171088,YES,10%
C104276,LEAVE,LEAVE,0.44959822,YES,10%
C108141,STAY,LEAVE,0.34638965,YES,10%
C107460,LEAVE,LEAVE,0.046434928,YES,5%
C107526,STAY,LEAVE,0.23221044,YES,5%
C110313,LEAVE,LEAVE,0.3708322,YES,10%
C102555,LEAVE,STAY,0.5863296,NO,0%
C105825,STAY,STAY,0.57220626,NO,0%
C113985,LEAVE,LEAVE,0.099996865,YES,5%
C115601,STAY,STAY,0.9987777,NO,0%
C102747,STAY,STAY,0.8747508,NO,0%
C100988,STAY,LEAVE,0.24910994,YES,5%
C104688,STAY,LEAVE,0.43462858,YES,10%
C113842,STAY,STAY,0.9404883,NO,0%
C103300,STAY,STAY,0.9998167,NO,0%
C101681,STAY,LEAVE,0.31606194,YES,10%
C100346,LEAVE,STAY,0.8310788,NO,0%
C115790,STAY,LEAVE,0.2166103,YES,5%
C107655,STAY,STAY,0.7677416,NO,0%
C106281,STAY,LEAVE,0.06490347,YES,5%
C106805,LEAVE,LEAVE,0.072473176,YES,5%
C101507,STAY,STAY,0.76408625,NO,0%
C115651,STAY,STAY,0.9718103,NO,0%
C113490,LEAVE,LEAVE,0.27797088,YES,10%
C111868,STAY,STAY,0.92346174,NO,0%
C102686,LEAVE,LEAVE,0.1159692,YES,5%
C107212,STAY,STAY,0.900029,NO,0%
C102771,LEAVE,LEAVE,0.45237926,YES,10%
C115489,LEAVE,STAY,0.6433856,NO,0%
C111705,STAY,STAY,0.9573752,NO,0%
C111416,STAY,STAY,0.77892536,NO,0%
C109412,STAY,STAY,0.58383363,NO,0%
C111077,STAY,STAY,0.5585434,NO,0%
C115411,LEAVE,LEAVE,0.05410691,YES,5%
C114475,LEAVE,STAY,0.7763658,NO,0%
C104748,LEAVE,LEAVE,0.023869118,YES,5%
C101552,STAY,STAY,0.99201304,NO,0%
C107295,STAY,STAY,0.5170631,NO,0%
C113714,STAY,STAY,0.9773746,NO,0%
C107669,STAY,STAY,0.80132604,NO,0%
C113626,STAY,STAY,0.8924035,NO,0%
C106617,STAY,STAY,0.916113,NO,0%
C111667,STAY,STAY,0.9118016,NO,0%
C109488,LEAVE,LEAVE,0.18291296,YES,5%
C107918,STAY,STAY,0.7173724,NO,0%
C100349,STAY,STAY,0.8176127,NO,0%
C104433,STAY,STAY,0.9864674,NO,0%
C111564,STAY,STAY,0.9984347,NO,0%
C100094,LEAVE,STAY,0.79575634,NO,0%
C111828,STAY,STAY,0.61300343,NO,0%
C110211,STAY,STAY,0.69398594,NO,0%
C105231,STAY,LEAVE,0.18507044,YES,5%
C114501,STAY,STAY,0.8257197,NO,0%
C102095,STAY,STAY,0.97236913,NO,0%
C108289,STAY,STAY,0.99782,NO,0%
C113631,STAY,LEAVE,0.3621278,YES,10%
C106465,LEAVE,LEAVE,0.101029344,YES,5%
C100844,STAY,STAY,0.8453948,NO,0%
C115840,LEAVE,LEAVE,0.20141366,YES,5%
C108450,STAY,STAY,0.72655976,NO,0%
C102167,STAY,STAY,0.63145584,NO,0%
C104074,STAY,LEAVE,0.4682671,YES,10%
C106390,STAY,STAY,0.95104295,NO,0%
C103004,STAY,STAY,0.9122575,NO,0%
C106012,LEAVE,STAY,0.8655179,NO,0%
C101912,STAY,STAY,0.8525474,NO,0%
C111250,STAY,STAY,0.95775926,NO,0%
C109913,STAY,LEAVE,0.24999052,YES,5%
C108636,STAY,STAY,0.9269593,NO,0%
C106392,STAY,STAY,0.9523955,NO,0%
C101871,LEAVE,STAY,0.6441094,NO,0%
C104418,LEAVE,STAY,0.6686985,NO,0%
C101405,LEAVE,LEAVE,0.022376174,YES,5%
C110543,STAY,STAY,0.9639448,NO,0%
C110219,LEAVE,STAY,0.6283371,NO,0%
C104629,LEAVE,LEAVE,0.050848212,YES,5%
C108385,STAY,STAY,0.96470034,NO,0%
C101511,LEAVE,LEAVE,0.27370653,YES,10%
C112683,STAY,STAY,0.9902692,NO,0%
C107761,STAY,STAY,0.8212642,NO,0%
C101456,STAY,STAY,0.92563564,NO,0%
C104351,STAY,STAY,0.5451901,NO,0%
C115702,STAY,STAY,0.7287065,NO,0%
C102351,LEAVE,LEAVE,0.021226563,YES,5%
C101434,STAY,STAY,0.95737064,NO,0%
C112467,STAY,STAY,0.9234756,NO,0%
C100369,STAY,STAY,0.7836696,NO,0%
C108171,STAY,LEAVE,0.17159854,YES,5%
C101751,STAY,LEAVE,0.1171545,YES,5%
C110066,STAY,STAY,0.97634625,NO,0%
C115256,STAY,STAY,0.8487305,NO,0%
C100924,LEAVE,STAY,0.89115494,NO,0%
C100873,STAY,STAY,0.771334,NO,0%
C109391,STAY,LEAVE,0.22538161,YES,5%
C114951,STAY,STAY,0.5524804,NO,0%
C101333,STAY,STAY,0.5168494,NO,0%
C107929,LEAVE,STAY,0.8713267,NO,0%
C108449,LEAVE,STAY,0.92169017,NO,0%
C104255,LEAVE,STAY,0.9218679,NO,0%
C104875,LEAVE,LEAVE,0.24212745,YES,5%
C107953,STAY,STAY,0.99415344,NO,0%
C104901,STAY,STAY,0.99621624,NO,0%
C107020,STAY,STAY,0.79641,NO,0%
C101637,STAY,STAY,0.9513521,NO,0%
C101545,STAY,LEAVE,0.32919937,YES,10%
C113852,STAY,STAY,0.9856046,NO,0%
C113920,STAY,STAY,0.9898685,NO,0%
C112257,STAY,STAY,0.95638514,NO,0%
C112751,STAY,LEAVE,0.19180295,YES,5%
C114748,STAY,STAY,0.9904088,NO,0%
C102245,LEAVE,LEAVE,0.08792981,YES,5%
C108200,LEAVE,LEAVE,0.051964555,YES,5%
C103034,LEAVE,LEAVE,0.015543722,YES,5%
C103696,STAY,LEAVE,0.31149942,YES,10%
C109863,STAY,STAY,0.98985976,NO,0%
C100804,STAY,STAY,0.9731896,NO,0%
C111467,LEAVE,STAY,0.80737036,NO,0%
C106545,LEAVE,STAY,0.6017882,NO,0%
C115579,LEAVE,LEAVE,0.2536519,YES,10%
C115255,STAY,STAY,0.9843375,NO,0%
C115656,STAY,LEAVE,0.37489504,YES,10%
C110748,STAY,STAY,0.9569687,NO,0%
C102476,LEAVE,LEAVE,0.33613133,YES,10%
C105514,STAY,STAY,0.72344214,NO,0%
C109600,LEAVE,STAY,0.85636586,NO,0%
C105438,STAY,STAY,0.93582803,NO,0%
C107924,LEAVE,LEAVE,0.1799834,YES,5%
C103322,STAY,LEAVE,0.23245603,YES,5%
C111027,STAY,STAY,0.83424145,NO,0%
C103217,STAY,LEAVE,0.4245319,YES,10%
C107544,LEAVE,LEAVE,0.42663524,YES,10%
C100566,LEAVE,STAY,0.83038944,NO,0%
C104904,LEAVE,LEAVE,0.45241958,YES,10%
C105811,STAY,STAY,0.80138284,NO,0%
C100114,STAY,STAY,0.5461267,NO,0%
C102643,STAY,STAY,0.985344,NO,0%
C106171,LEAVE,LEAVE,0.16515891,YES,5%
C109951,STAY,STAY,0.7057633,NO,0%
C104364,STAY,STAY,0.99063385,NO,0%
C109459,STAY,LEAVE,0.1334877,YES,5%
C109994,LEAVE,LEAVE,0.23651457,YES,5%
C109525,STAY,STAY,0.91080153,NO,0%
C106145,STAY,STAY,0.9997981,NO,0%
C106119,STAY,LEAVE,0.35885164,YES,10%
C109389,LEAVE,STAY,0.95664763,NO,0%
C113990,LEAVE,LEAVE,0.32592887,YES,10%
C102519,STAY,STAY,0.98844284,NO,0%
C103040,LEAVE,LEAVE,0.45982492,YES,10%
C100137,STAY,STAY,0.8441612,NO,0%
C103732,STAY,STAY,0.9859703,NO,0%
C110587,STAY,STAY,0.70802104,NO,0%
C112876,LEAVE,LEAVE,0.24228533,YES,5%
C101002,STAY,STAY,0.994028,NO,0%
C101505,STAY,STAY,0.98089474,NO,0%
C103844,STAY,STAY,0.99663085,NO,0%
C103008,STAY,STAY,0.7529455,NO,0%
C102855,STAY,STAY,0.93518466,NO,0%
C102678,STAY,STAY,0.93961316,NO,0%
C106902,LEAVE,LEAVE,0.17314664,YES,5%
C109388,STAY,STAY,0.9670045,NO,0%
C104600,STAY,STAY,0.87946814,NO,0%
C102097,LEAVE,LEAVE,0.10571816,YES,5%
C108491,LEAVE,LEAVE,0.25073338,YES,10%
C108064,LEAVE,STAY,0.84663296,NO,0%
C109868,STAY,STAY,0.93398094,NO,0%
C106104,STAY,STAY,0.9708026,NO,0%
C103695,STAY,STAY,0.90723956,NO,0%
C112601,STAY,STAY,0.6556775,NO,0%
C110996,LEAVE,LEAVE,0.3781638,YES,10%
C102023,LEAVE,LEAVE,0.3020913,YES,10%
C101732,STAY,STAY,0.9876346,NO,0%
C100259,LEAVE,LEAVE,0.06378082,YES,5%
C105149,STAY,LEAVE,0.4898154,YES,10%
C104948,LEAVE,LEAVE,0.17543815,YES,5%
C110842,STAY,LEAVE,0.09315321,YES,5%
C101823,LEAVE,STAY,0.81942964,NO,0%
C107926,STAY,STAY,0.9976897,NO,0%
C105529,STAY,STAY,0.8173656,NO,0%
C105259,STAY,STAY,0.71257895,NO,0%
C115518,STAY,STAY,0.9489777,NO,0%
C104352,STAY,LEAVE,0.25521216,YES,10%
C106251,STAY,STAY,0.67098445,NO,0%
C100528,STAY,LEAVE,0.2104261,YES,5%
C114306,LEAVE,STAY,0.5913201,NO,0%
C101619,LEAVE,LEAVE,0.38316792,YES,10%
C106430,LEAVE,STAY,0.79383343,NO,0%
C108758,STAY,STAY,0.9624953,NO,0%
C105547,STAY,STAY,0.70872545,NO,0%
C101762,STAY,STAY,0.99603903,NO,0%
C105792,STAY,STAY,0.9926112,NO,0%
C112521,STAY,STAY,0.6122425,NO,0%
C108481,STAY,STAY,0.98573893,NO,0%
C102974,STAY,LEAVE,0.2394278,YES,5%
C104417,STAY,STAY,0.97949594,NO,0%
C103722,STAY,STAY,0.9953145,NO,0%
C104212,LEAVE,STAY,0.88745546,NO,0%
C115194,STAY,LEAVE,0.38767502,YES,10%
C113174,STAY,STAY,0.8594838,NO,0%
C113563,STAY,STAY,0.89297354,NO,0%
C114200,STAY,STAY,0.98630005,NO,0%
C104730,LEAVE,LEAVE,0.11688106,YES,5%
C100745,STAY,STAY,0.9946127,NO,0%
C114815,STAY,LEAVE,0.23802467,YES,5%
C103139,STAY,STAY,0.5315926,NO,0%
C115642,STAY,STAY,0.99235606,NO,0%
C114627,STAY,LEAVE,0.36552092,YES,10%
C112376,LEAVE,LEAVE,0.18441485,YES,5%
C103491,LEAVE,STAY,0.5277168,NO,0%
C107462,STAY,STAY,0.87132233,NO,0%
C106772,STAY,STAY,0.99677604,NO,0%
C114529,STAY,STAY,0.91141605,NO,0%
C100206,STAY,STAY,0.9685743,NO,0%
C104539,STAY,STAY,0.6767517,NO,0%
C105920,STAY,STAY,0.5341629,NO,0%
C111117,STAY,STAY,0.55599713,NO,0%
C107134,LEAVE,STAY,0.59281516,NO,0%
C103993,STAY,LEAVE,0.23119217,YES,5%
C111690,LEAVE,STAY,0.94475,NO,0%
C113637,LEAVE,LEAVE,0.25844172,YES,10%
C113188,STAY,STAY,0.9168479,NO,0%
C112307,LEAVE,LEAVE,0.1991434,YES,5%
C103095,STAY,STAY,0.9674375,NO,0%
C101106,STAY,STAY,0.887423,NO,0%
C105542,STAY,STAY,0.9020299,NO,0%
C108861,LEAVE,STAY,0.8099767,NO,0%
C111514,STAY,STAY,0.7674607,NO,0%
C109999,STAY,STAY,0.59572995,NO,0%
C102874,STAY,STAY,0.6317621,NO,0%
C109977,LEAVE,STAY,0.51831406,NO,0%
C113280,STAY,STAY,0.7058597,NO,0%
C107911,STAY,STAY,0.7087875,NO,0%
C100605,STAY,LEAVE,0.4428417,YES,10%
C109326,STAY,STAY,0.92693245,NO,0%
C102525,STAY,STAY,0.91836655,NO,0%
C107308,LEAVE,LEAVE,0.26038942,YES,10%
C108239,STAY,STAY,0.8395183,NO,0%
C106934,LEAVE,STAY,0.77763844,NO,0%
C100488,STAY,STAY,0.9664336,NO,0%
C113043,STAY,LEAVE,0.10605352,YES,5%
C108432,STAY,STAY,0.845812,NO,0%
C114564,LEAVE,LEAVE,0.14223456,YES,5%
C104819,STAY,STAY,0.709407,NO,0%
C108487,LEAVE,LEAVE,0.33476633,YES,10%
C114898,LEAVE,STAY,0.7098236,NO,0%
C108870,LEAVE,LEAVE,0.19387035,YES,5%
C114249,LEAVE,LEAVE,0.45549414,YES,10%
C103836,LEAVE,LEAVE,0.016528634,YES,5%
C108403,STAY,STAY,0.74373037,NO,0%
C112178,STAY,STAY,0.91254,NO,0%
C114093,STAY,STAY,0.5376756,NO,0%
C101282,LEAVE,STAY,0.71824396,NO,0%
C111953,LEAVE,LEAVE,0.10255887,YES,5%
C112151,LEAVE,LEAVE,0.4665033,YES,10%
C102290,STAY,LEAVE,0.49499878,YES,10%
C108409,STAY,STAY,0.96938163,NO,0%
C112338,LEAVE,LEAVE,0.26967943,YES,10%
C102595,LEAVE,STAY,0.64281064,NO,0%
C105240,STAY,LEAVE,0.067372255,YES,5%
C111568,STAY,STAY,0.8779019,NO,0%
C110056,STAY,STAY,0.9549255,NO,0%
C114753,STAY,STAY,0.96625227,NO,0%
C101094,STAY,STAY,0.939224,NO,0%
C104340,STAY,STAY,0.93478227,NO,0%
C101620,STAY,STAY,0.60039365,NO,0%
C102173,STAY,STAY,0.95036286,NO,0%
C104650,LEAVE,STAY,0.74127734,NO,0%
C103271,LEAVE,LEAVE,0.23116054,YES,5%
C110460,STAY,STAY,0.81410503,NO,0%
C112173,STAY,STAY,0.95670813,NO,0%
C108092,STAY,LEAVE,0.42352402,YES,10%
C110378,LEAVE,STAY,0.5613177,NO,0%
C108954,LEAVE,STAY,0.51678425,NO,0%
C115241,STAY,STAY,0.64345556,NO,0%
C103043,LEAVE,LEAVE,0.0278163,YES,5%
C109403,STAY,STAY,0.6371134,NO,0%
C109012,STAY,STAY,0.57556456,NO,0%
C110147,STAY,STAY,0.9401352,NO,0%
C110447,STAY,STAY,0.8250328,NO,0%
C107060,STAY,STAY,0.9824853,NO,0%
C113788,STAY,STAY,0.7221731,NO,0%
C114390,STAY,STAY,0.9909644,NO,0%
C107476,LEAVE,LEAVE,0.21832883,YES,5%
C112206,STAY,STAY,0.96423054,NO,0%
C105838,LEAVE,LEAVE,0.057646386,YES,5%
C103577,STAY,STAY,0.58085614,NO,0%
C111442,STAY,STAY,0.7236724,NO,0%
C108912,STAY,STAY,0.8897132,NO,0%
C103479,STAY,LEAVE,0.3052795,YES,10%
C104744,STAY,STAY,0.97345203,NO,0%
C102456,STAY,STAY,0.85387415,NO,0%
C105695,STAY,STAY,0.74208784,NO,0%
C110130,STAY,STAY,0.9510569,NO,0%
C109929,LEAVE,LEAVE,0.49595326,YES,10%
C105139,STAY,STAY,0.9320394,NO,0%
C102656,LEAVE,LEAVE,0.069280155,YES,5%
C106181,LEAVE,LEAVE,0.30707276,YES,10%
C113506,STAY,STAY,0.8928432,NO,0%
C105564,LEAVE,STAY,0.51479363,NO,0%
C104701,STAY,STAY,0.6552037,NO,0%
C106517,STAY,STAY,0.96630114,NO,0%
C112040,STAY,STAY,0.9029935,NO,0%
C111437,LEAVE,STAY,0.75916433,NO,0%
C105350,STAY,LEAVE,0.3955819,YES,10%
C102980,STAY,STAY,0.9982223,NO,0%
C106476,LEAVE,STAY,0.8837855,NO,0%
C114411,LEAVE,STAY,0.8947212,NO,0%
C103891,STAY,STAY,0.96918887,NO,0%
C103657,STAY,STAY,0.7206611,NO,0%
C100790,LEAVE,LEAVE,0.4767393,YES,10%
C108334,LEAVE,LEAVE,0.08753641,YES,5%
C112351,STAY,STAY,0.82263184,NO,0%
C113915,STAY,STAY,0.99033874,NO,0%
C105221,STAY,STAY,0.977514,NO,0%
C100619,LEAVE,STAY,0.9744101,NO,0%
C102860,LEAVE,LEAVE,0.35849836,YES,10%
C113507,LEAVE,STAY,0.8603608,NO,0%
C112037,STAY,STAY,0.74651736,NO,0%
C106118,LEAVE,LEAVE,0.24215026,YES,5%
C109508,STAY,STAY,0.9453853,NO,0%
C108104,STAY,STAY,0.90390384,NO,0%
C101719,STAY,STAY,0.77871937,NO,0%
C112992,LEAVE,LEAVE,0.15507947,YES,5%
C105907,LEAVE,LEAVE,0.039264873,YES,5%
C105355,LEAVE,LEAVE,0.25909397,YES,10%
C100056,STAY,STAY,0.6232325,NO,0%
C111142,LEAVE,STAY,0.6990778,NO,0%
C109952,STAY,STAY,0.99965644,NO,0%
C107289,LEAVE,LEAVE,0.22831373,YES,5%
C108918,STAY,STAY,0.8243572,NO,0%
C108377,STAY,LEAVE,0.16383816,YES,5%
C115491,STAY,STAY,0.85908717,NO,0%
C108822,STAY,STAY,0.96434915,NO,0%
C109625,STAY,STAY,0.71121293,NO,0%
C107588,LEAVE,STAY,0.5676119,NO,0%
C111283,LEAVE,LEAVE,0.4015343,YES,10%
C101921,STAY,STAY,0.6520179,NO,0%
C114682,STAY,STAY,0.9293333,NO,0%
C108679,STAY,STAY,0.8055361,NO,0%
C100689,STAY,STAY,0.99890804,NO,0%
C115145,LEAVE,LEAVE,0.02304356,YES,5%
C115008,STAY,STAY,0.5587222,NO,0%
C107370,STAY,STAY,0.97796077,NO,0%
C100895,LEAVE,LEAVE,0.42411,YES,10%
C110074,LEAVE,LEAVE,0.030402426,YES,5%
C112538,STAY,STAY,0.98474103,NO,0%
C107641,LEAVE,STAY,0.63850635,NO,0%
C114648,LEAVE,LEAVE,0.27834734,YES,10%
C113051,LEAVE,LEAVE,0.24036016,YES,5%
C107827,STAY,STAY,0.8516618,NO,0%
C115925,STAY,STAY,0.9902154,NO,0%
C103952,LEAVE,STAY,0.96064186,NO,0%
C104197,STAY,STAY,0.8484021,NO,0%
C107601,STAY,STAY,0.57425797,NO,0%
C100233,STAY,STAY,0.98943394,NO,0%
C102722,STAY,STAY,0.9588602,NO,0%
C114231,STAY,STAY,0.9634376,NO,0%
C114427,LEAVE,LEAVE,0.22034393,YES,5%
C111038,LEAVE,LEAVE,0.12079154,YES,5%
C106791,STAY,STAY,0.92102283,NO,0%
C114031,LEAVE,LEAVE,0.4111347,YES,10%
C101121,STAY,STAY,0.7340614,NO,0%
C103024,STAY,STAY,0.92063105,NO,0%
C108915,STAY,STAY,0.95148706,NO,0%
C103480,LEAVE,LEAVE,0.060306977,YES,5%
C101038,STAY,STAY,0.73618287,NO,0%
C112906,STAY,STAY,0.56005555,NO,0%
C106707,STAY,STAY,0.9616379,NO,0%
